Seed,arrival rate,"(3,5,1.00,0.50)","(3,5,1.00,0.75)","(3,5,1.00,1.00)","(3,5,1.00,1.25)","(3,5,1.00,1.50)","(3,5,1.00,2.00)","(3,5,1.00,3.00)","(5,5,1.00,0.50)","(5,5,1.00,0.75)","(5,5,1.00,1.00)","(5,5,1.00,1.25)","(5,5,1.00,1.50)","(5,5,1.00,2.00)","(5,5,1.00,3.00)","(7,5,1.00,0.50)","(7,5,1.00,0.75)","(7,5,1.00,1.00)","(7,5,1.00,1.25)","(7,5,1.00,1.50)","(7,5,1.00,2.00)","(7,5,1.00,3.00)","(5,10,1.00,0.50)","(5,10,1.00,0.75)","(5,10,1.00,1.00)","(5,10,1.00,1.25)","(5,10,1.00,1.50)","(5,10,1.00,2.00)","(5,10,1.00,3.00)","(10,10,1.00,0.50)","(10,10,1.00,0.75)","(10,10,1.00,1.00)","(10,10,1.00,1.25)","(10,10,1.00,1.50)","(10,10,1.00,2.00)","(10,10,1.00,3.00)","(20,10,1.00,0.50)","(20,10,1.00,0.75)","(20,10,1.00,1.00)","(20,10,1.00,1.25)","(20,10,1.00,1.50)","(20,10,1.00,2.00)","(20,10,1.00,3.00)",,,Seed,arrival rate,"(3,5,1.00,0.50)","(3,5,1.00,0.75)","(3,5,1.00,1.00)","(3,5,1.00,1.25)","(3,5,1.00,1.50)","(3,5,1.00,2.00)","(3,5,1.00,3.00)","(5,5,1.00,0.50)","(5,5,1.00,0.75)","(5,5,1.00,1.00)","(5,5,1.00,1.25)","(5,5,1.00,1.50)","(5,5,1.00,2.00)","(5,5,1.00,3.00)","(7,5,1.00,0.50)","(7,5,1.00,0.75)","(7,5,1.00,1.00)","(7,5,1.00,1.25)","(7,5,1.00,1.50)","(7,5,1.00,2.00)","(7,5,1.00,3.00)","(5,10,1.00,0.50)","(5,10,1.00,0.75)","(5,10,1.00,1.00)","(5,10,1.00,1.25)","(5,10,1.00,1.50)","(5,10,1.00,2.00)","(5,10,1.00,3.00)","(10,10,1.00,0.50)","(10,10,1.00,0.75)","(10,10,1.00,1.00)","(10,10,1.00,1.25)","(10,10,1.00,1.50)","(10,10,1.00,2.00)","(10,10,1.00,3.00)","(20,10,1.00,0.50)","(20,10,1.00,0.75)","(20,10,1.00,1.00)","(20,10,1.00,1.25)","(20,10,1.00,1.50)","(20,10,1.00,2.00)","(20,10,1.00,3.00)",,,Seed,arrival rate,"(3,5) - SLOTTED","(5,5) - SLOTTED","(7,5) - SLOTTED","(5,10) - SLOTTED","(10,10) - SLOTTED","(20,10) - SLOTTED",,,Seed,arrival rate,"(3,5) - SLOTTED","(5,5) - SLOTTED","(7,5) - SLOTTED","(5,10) - SLOTTED","(10,10) - SLOTTED","(20,10) - SLOTTED"
400137271,0.001,0.001002422,0.001004122,0.001001802,0.0010015,0.001002273,0.001000724,0.001002198,0.001000464,0.001001449,0.001002031,0.000999911,0.001001216,0.00100059,0.001002608,0.000999913,0.00100255,0.001000557,0.001000665,0.001000561,0.001000502,0.001003515,0.001000402,0.001001684,0.001002206,0.00100015,0.001002072,0.001000041,0.001002933,0.001001151,0.00100235,0.001002197,0.001001098,0.001002464,0.001002033,0.001003456,0.00100021,0.001002016,0.001002376,0.001001566,0.001002264,0.001003009,0.001002694,,,400137271,0.001,4.055173625,3.036755011,2.526989383,2.220895977,2.018748876,1.763138257,1.50980462,4.059041295,3.037127326,2.526811773,2.221667023,2.019653624,1.764063349,1.510648147,4.059366601,3.038317349,2.528277134,2.222691891,2.020345822,1.76492673,1.511194757,4.059380427,3.038672957,2.528034823,2.221681604,2.020108073,1.763414818,1.511274157,4.069708692,3.044486265,2.532994104,2.226745705,2.022939196,1.767395523,1.512008051,4.087944617,3.05569848,2.541217988,2.233814607,2.029112546,1.772094929,1.51494966,,,400137271,0.001,0.001001,0.001001,0.001,0.001001,0.001001,0.001001,,,400137271,0.001,1.524608,1.525908,1.527948,1.526675,1.530835,1.539978
400137271,0.072408163,0.072339084,0.072514262,0.072436777,0.072312627,0.072516841,0.072380912,0.072489083,0.072396133,0.072338846,0.072324129,0.072579979,0.072348535,0.0726081,0.072508284,0.072422862,0.072399362,0.072323412,0.072577845,0.072458144,0.072475133,0.072424058,0.072359203,0.072380507,0.072468339,0.072555923,0.072473716,0.072546713,0.072468452,0.072476934,0.072431701,0.072453511,0.072537445,0.072411441,0.072419254,0.072347379,0.072354825,0.072333854,0.072588386,0.072455266,0.072448785,0.07242143,0.072474477,,,400137271,0.072408163,6.009398784,3.778382526,2.980764042,2.546676051,2.284009395,1.96238639,1.6579277,6.043498594,3.934472614,3.113333137,2.65971917,2.372256649,2.030985844,1.700263328,6.329926955,4.133499049,3.259994091,2.777033429,2.463663545,2.101730121,1.746915862,6.206824768,3.995059612,3.15337727,2.691527736,2.394395687,2.049788354,1.709564083,7.00883045,4.551771011,3.555329168,3.007721605,2.656310447,2.236042901,1.829315907,9.034486343,5.762861543,4.416605258,3.681356283,3.219396932,2.643816669,2.094812518,,,400137271,0.016141,0.01614,0.016147,0.016133,0.016145,0.016139,0.016144,,,400137271,0.016141,1.595717,1.621096,1.648841,1.632111,1.70981,1.863857
400137271,0.143816327,0.139710091,0.143648384,0.144259844,0.143752823,0.143847954,0.143898749,0.144010172,0.143978405,0.143786023,0.143917062,0.144036952,0.143813641,0.143961527,0.143784524,0.143904466,0.144250482,0.143932364,0.143845989,0.143710994,0.143847323,0.143849051,0.085184599,0.144042727,0.143576749,0.143746177,0.14374099,0.144120385,0.144247244,0.143778172,0.143867522,0.144350177,0.143668769,0.143939609,0.144047102,0.144091903,0.143598787,0.14385982,0.144005653,0.143676032,0.143985325,0.143865012,0.143852077,,,400137271,0.143816327,97003.12168,5.249713091,3.684074851,3.006005266,2.622233985,2.205553016,1.829244664,15.44271143,5.661944809,4.008396224,3.273486212,2.839518284,2.363987451,1.928435697,14.92346696,6.273459087,4.430869871,3.564515745,3.084929141,2.534838645,2.039949946,2369417.066,5.822848261,4.080181712,3.31598415,2.873647464,2.386620229,1.946665037,18.08576876,7.258689339,5.116823133,4.074947853,3.497061703,2.827191007,2.227878077,24.79039603,11.00730664,7.561783142,5.872769957,4.92264986,3.835722458,2.866909723,,,400137271,0.031283,0.031281,0.031316,0.031298,0.031274,0.031304,0.031297,,,400137271,0.031283,1.674442,1.726249,1.780399,1.744801,1.899666,2.214911
400137271,0.21522449,0.139654992,0.21537034,0.215015584,0.215791666,0.215567149,0.214743826,0.215314484,0.16593627,0.215443078,0.215472847,0.215008398,0.215620571,0.215522115,0.215554768,0.182358639,0.215706099,0.215682081,0.215667235,0.215489254,0.214867422,0.215721333,0.085454599,0.183920516,0.21490612,0.215142652,0.215486386,0.215406606,0.215684804,0.145461112,0.214726069,0.215142315,0.215738196,0.215421505,0.215103013,0.215689548,0.190161877,0.214863057,0.215483001,0.215232714,0.215345721,0.215278663,0.215279464,,,400137271,0.21522449,1262709.098,10.73188906,4.933288426,3.674276661,3.091203314,2.506792708,2.03633693,683541.005,10.26099811,5.585014851,4.174360722,3.498943558,2.791924671,2.207777305,417840.8147,11.62769453,6.432097397,4.794424072,3.960858112,3.097829938,2.399817682,3535834.145,378171.9462,5.640507502,4.22295326,3.511949202,2.805027963,2.222773166,1115834.723,13.97634328,7.696743054,5.698720619,4.643794399,3.560440723,2.686106083,306237.2644,23.96498906,13.07152007,9.335500247,7.391728995,5.459543755,3.821144505,,,,0.046424,0.046436,,,,,,,,,0.046424,1.75869,,,,,
400137271,0.286632653,0.139762063,0.242453574,0.286885157,0.285872765,0.28656938,0.286691062,0.28601169,0.166304801,0.278823332,0.286974652,0.287019391,0.286557909,0.286631507,0.286325464,0.182326029,0.287224724,0.286484505,0.286737629,0.286568715,0.28645393,0.2867171,0.085202706,0.183116092,0.286147691,0.287456792,0.286249685,0.286804741,0.286763831,0.145367731,0.261027473,0.286977109,0.286742925,0.287037352,0.286737607,0.286986987,0.18986185,0.286941439,0.286815214,0.286967715,0.286911645,0.286617542,0.286651315,,,400137271,0.286632653,1836155.062,320012.0003,7.960644939,4.75401476,3.743135113,2.891015949,2.272789234,1269043.409,47226.92781,8.873151823,5.639054024,4.424318073,3.336626609,2.547416839,999343.0045,56.39305323,10.63522355,6.769793302,5.232040724,3.866871475,2.843750843,4121591.073,989588.7132,9.459566538,5.621087208,4.381403295,3.326951655,2.54095892,1693810.577,169311.0624,13.10723176,8.180897776,6.240723898,4.540152626,3.253359986,891364.2177,104.5633968,24.79773,15.31895269,11.23396598,7.685520696,5.09757901,,,400137271,0.061566,0.06158,0.046412,0.046448,0.046375,0.046469,0.04648,,,400137271,0.061566,1.854541,1.837876,1.920675,1.866975,2.099318,2.602814
400137271,0.358040816,0.139887201,0.242021468,0.350247389,0.357828692,0.357781058,0.357786753,0.357139334,0.166163144,0.279625654,0.358090332,0.358907221,0.357339888,0.358368164,0.358708308,0.182479262,0.300387248,0.357841614,0.358649043,0.358102197,0.357730235,0.357246072,0.085129054,0.182752991,0.290225645,0.357948439,0.358193441,0.35797696,0.358307866,0.145744253,0.2604472,0.357209188,0.35841818,0.358158083,0.358366933,0.357712458,0.190164887,0.31255959,0.359103186,0.357902054,0.357612224,0.357639031,0.358210172,,,400137271,0.358040816,2181168.616,668355.9508,26117.21622,6.878597357,4.71616504,3.400980347,2.585554057,1616864.515,393224.5679,22.03747444,8.383304825,5.8163427,4.076991453,2.975372565,1346123.493,264439.894,23.25105966,10.34020799,7.124575272,4.884052525,3.41403534,4477949.716,1334930.362,321268.5437,8.382132891,5.730271392,3.997611002,2.932209755,2032932.36,518866.7228,35.28855444,12.84044521,8.75292501,5.843634787,3.961189665,1228227.943,204587.1866,59.17394641,26.21941261,17.42785656,10.81246129,6.668938295,,,400137271,0.076707,0.076631,0.061521,0.061579,0.061591,0.061564,0.061648,,,400137271,0.076707,1.956962,1.95713,2.083439,2.003563,2.334001,3.036113
400137271,0.42944898,0.139932635,0.241842697,0.349651314,0.429766707,0.42988485,0.428932664,0.428924774,0.165802794,0.27864969,0.397587255,0.4283821,0.429537664,0.428917086,0.429879466,0.18237053,0.301756573,0.423188553,0.429093755,0.428793734,0.429155047,0.429550321,0.085040114,0.182662233,0.290734696,0.405171786,0.430639221,0.429806792,0.429801228,0.145572041,0.260365941,0.380149329,0.430614447,0.429672647,0.429214678,0.428890511,0.18987944,0.312267779,0.428850449,0.429120611,0.429601976,0.430147464,0.429336452,,,400137271,0.42944898,2412164.023,902212.3138,264840.1437,14.85920046,6.48238063,4.061868201,2.956145257,1851978.096,624517.1426,96520.8742,14.71489604,8.124946168,5.054228663,3.487338401,1576152.699,498241.8739,14541.22677,18.00744986,10.41154788,6.282847212,4.123904949,4709313.176,1570444.188,554651.0822,64333.06245,8.062789618,4.904866148,3.397251791,2269999.197,756834.8531,151615.0222,24.9349317,12.89623235,7.596121001,4.796052976,1471574.352,436440.0414,848.4778952,50.92550385,27.82423754,15.43611,8.777603799,,,400137271,0.091848,0.091814,0.076749,0.076751,0.076716,0.076607,0.076737,,,400137271,0.091848,2.068479,2.102233,2.258955,2.143349,2.567724,3.51354
400137271,0.500857143,0.139686943,0.241955751,0.350056092,0.464820691,0.499590319,0.501748268,0.501046454,0.166294138,0.279017948,0.39777509,0.500601359,0.501689184,0.501427862,0.501979582,0.182474199,0.301647584,0.423798636,0.501829571,0.502011326,0.500808522,0.500355534,0.085188093,0.182825373,0.290315353,0.404274483,0.502093291,0.501273939,0.50097928,0.145340433,0.260823934,0.379799513,0.500694207,0.500781233,0.500782474,0.500916419,0.189692413,0.312607955,0.436679707,0.500553704,0.500020176,0.500820587,0.501495106,,,400137271,0.500857143,2581721.483,1067702.043,429527.418,78134.42534,10.47351092,4.997034126,3.422384294,2013179.66,795271.7935,257347.475,66.33580382,12.79794968,6.491254456,4.16027106,1740582.573,662054.8965,182312.5004,50.99014713,16.44468496,8.283732585,5.068758799,4874423.692,1733903.019,722345.4389,238698.9696,14.89204228,6.150989061,3.979602967,2441386.923,920454.8333,314921.2898,637.5530272,21.68423304,10.11041672,5.893484495,1635219.688,603940.99,147385.7258,136.8907887,47.83344925,22.01414511,11.54187372,,,400137271,0.10699,0.106974,0.091907,0.09195,0.091895,0.09187,0.09185,,,400137271,0.10699,2.192156,2.250898,2.459003,2.311553,2.848472,4.063268
400137271,0.572265306,0.139739868,0.241745361,0.35040533,0.46464014,0.572193984,0.571175156,0.571885772,0.166236595,0.278682516,0.396668367,0.518635236,0.572313164,0.572772688,0.572353361,0.182127349,0.301259162,0.42327624,0.5490971,0.571951535,0.573419696,0.572131151,0.08500629,0.182913006,0.291250246,0.404547486,0.52147766,0.57268949,0.572548496,0.14562808,0.260750598,0.380897102,0.500637657,0.571880958,0.57368568,0.572830988,0.189985728,0.312611238,0.436666416,0.559696865,0.572344987,0.573618826,0.571766917,,,400137271,0.572265306,2704888.901,1193873.824,555272.9121,201667.0442,43.02468527,6.36979045,4.016847959,2137233.137,922139.8021,384983.4269,88314.07592,25.94530854,8.579495693,4.999126575,1866938.985,789015.9086,303550.8061,39152.5373,31.23059204,11.3116924,6.239251332,4998983.125,1859860.364,844968.2391,362706.4969,85421.42454,8.026143916,4.730735409,2564408.221,1042864.013,441366.5811,123741.7777,51.11337897,13.98139174,7.288632616,1755756.835,728176.0336,270290.572,18966.3996,93.64623545,31.72202154,14.94850896,,,400137271,0.122131,0.122242,0.10681,0.107176,0.107193,0.107095,0.107091,,,400137271,0.122131,2.33811,2.403855,2.672468,2.48301,3.151459,4.655755
400137271,0.643673469,0.139980698,0.242029735,0.350223017,0.465140879,0.583158585,0.644222431,0.64310821,0.166078221,0.278718209,0.397212598,0.518789663,0.64275811,0.643719564,0.643211463,0.182635725,0.30230308,0.424270283,0.546900382,0.643368227,0.643248618,0.642697344,0.085137743,0.182909614,0.291154805,0.403689453,0.521415581,0.644869925,0.644312941,0.14560016,0.260539316,0.380682894,0.502401249,0.624970008,0.643316196,0.645117721,0.190217057,0.312436984,0.435309415,0.560563065,0.642225053,0.644154916,0.643285683,,,400137271,0.643673469,2796533.367,1288655.002,651330.685,299307.4731,81725.7462,8.790877279,4.805996408,2239169.598,1017220.043,480647.5562,186131.2103,2194.619493,11.84762245,6.125037363,1960195.803,880993.0662,400692.0341,137144.9795,104.2569213,15.92546334,7.776387136,5000000.783,1954282.094,940852.9098,459783.4402,183542.7906,11.35757236,5.713723011,2656347.56,1140481.121,538486.8633,217716.7446,24085.2035,20.2589601,9.121068733,1849977.414,823685.2132,370127.9652,115324.9186,282.0248932,46.66487773,19.51384891,,,400137271,0.137273,0.137207,0.122268,0.12203,0.122202,0.122171,0.122171,,,400137271,0.137273,2.494508,2.605118,2.916099,2.656687,3.455162,5.284337
400137271,0.715081633,0.140079973,0.242111857,0.349450077,0.46476622,0.583283254,0.714047769,0.713665794,0.165987969,0.278573646,0.396984861,0.518541597,0.643371376,0.713387061,0.71417742,0.182579141,0.301076373,0.423497199,0.547901378,0.674456335,0.714726326,0.714710174,0.085132675,0.182706039,0.291814801,0.40430917,0.521446933,0.714932814,0.714221399,0.145854979,0.260385028,0.3811129,0.50146402,0.624604716,0.715634201,0.71613323,0.190167719,0.312357089,0.43660316,0.559380153,0.684150796,0.714382293,0.715532471,,,400137271,0.715081633,2877811.744,1366404.743,731100.5927,376531.9677,158558.0252,13.50546912,5.945789866,2312824.822,1092122.141,560290.6554,265525.4473,77836.92837,17.50091734,7.622533427,2038147.018,962114.2633,482136.1861,213273.4653,41453.54343,23.4858043,9.791050978,5000003.859,2038763.457,1015031.279,535528.1592,259248.1473,19.91869459,7.012974604,2734979.329,1220371.594,613119.2929,298348.0853,101163.5946,32.72981734,11.55657379,1930375.619,901071.5291,447113.6528,195841.7932,29918.84184,71.52058937,25.33103437,,,400137271,0.152414,0.152539,0.137321,0.137202,0.137361,0.137221,0.137259,,,400137271,0.152414,2.666563,2.802508,3.182738,2.86988,3.818182,6.072012
400137271,0.786489796,0.139735154,0.242710663,0.350467096,0.465005573,0.581742368,0.786073116,0.784603734,0.165963506,0.278873097,0.39759165,0.519797679,0.643167975,0.785945197,0.786852107,0.182464982,0.301352498,0.423938896,0.547986676,0.674445086,0.785318735,0.784767823,0.085258629,0.183138362,0.291195988,0.404574692,0.521490319,0.761172207,0.785382133,0.145818957,0.261074644,0.379364891,0.501074051,0.625791084,0.787240658,0.787027704,0.190257762,0.311792148,0.435882565,0.562045399,0.686287971,0.788274832,0.785803463,,,400137271,0.786489796,2941157.172,1426800.004,791693.0242,440442.338,222379.3423,31.50899671,7.598762122,2378536.849,1158288.568,622869.2915,327019.8994,142681.574,30.78668294,9.890509167,2106490.892,1023409.72,543257.2957,276691.8079,105103.8966,39.06379174,12.81704637,5000001.992,2096698.881,1079826.738,600073.2501,321831.9518,23376.22283,9.113889548,2795346.931,1281257.415,680238.084,360517.6659,164825.8879,66.41033526,15.04140218,1994981.29,966785.0695,510240.2406,254906.8653,93673.80322,118.1914447,33.15524071,,,400137271,0.167556,0.16763,0.152394,0.152227,0.152535,0.152396,0.15246,,,400137271,0.167556,2.871646,3.047212,3.474377,3.109078,4.227105,6.914787
400137271,0.857897959,0.140205535,0.242634249,0.350098009,0.464181773,0.581590039,0.823437712,0.855366943,0.166053084,0.279298711,0.397696863,0.518822257,0.643870953,0.859468972,0.859074664,0.182685495,0.30124027,0.424162861,0.548216905,0.674546082,0.858127904,0.857740759,0.08495106,0.18289532,0.291333943,0.403779727,0.52189871,0.760021943,0.859804807,0.145428842,0.261241132,0.381098456,0.50228338,0.623968988,0.856589147,0.85656468,0.189753273,0.312875752,0.436202974,0.560316926,0.685634388,0.857490269,0.858993422,,,400137271,0.857897959,2988480.372,1480798.239,844961.8238,493430.0037,275663.1815,24426.30897,10.58917267,2426782.759,1210737.674,676852.2648,379024.0527,195309.6159,92.71350872,13.73442395,2154650.621,1076766.809,595998.5258,328774.8415,156808.1475,80.76709415,17.59813508,5000000.452,2148953.25,1134421.663,652038.6001,375834.1109,73547.76853,12.67396607,2855244.163,1335064.139,731517.1546,413115.1478,218060.5178,389.5550154,20.45793482,2051048.125,1014617.252,566415.3828,309509.8471,146015.8612,255.1545215,44.30005711,,,400137271,0.182697,0.182888,0.167402,0.167533,0.16753,0.167512,0.167619,,,400137271,0.182697,3.111788,3.295609,3.83132,3.358509,4.655906,7.840707
400137271,0.929306122,0.139536975,0.241648488,0.349852892,0.465287411,0.582797302,0.824796326,0.928740336,0.16624894,0.278966086,0.397654109,0.519286163,0.642542922,0.89321459,0.929364458,0.182675461,0.30105537,0.423856331,0.549147511,0.674402841,0.92382321,0.928579482,0.085106434,0.182794915,0.291314689,0.405115968,0.522244423,0.760786917,0.928828031,0.14589456,0.260660584,0.380734205,0.502479651,0.623867819,0.873068558,0.928941271,0.190152286,0.312241201,0.436345721,0.559698387,0.685686973,0.928072827,0.929468334,,,400137271,0.929306122,3037699.344,1527470.874,889632.1195,535479.6009,320212.3311,70692.52818,19.18721211,2474584.767,1252882.338,719374.5978,424399.9564,238261.8106,20822.44917,22.79461888,2196900.743,1121457.408,643044.4437,372527.6744,202872.6381,2223.791307,27.95640511,5000002.288,2198146.195,1179986.044,697290.1838,419933.2635,118299.379,21.22501679,2896476.066,1379508.904,776861.0476,458229.8312,262156.5489,34176.35662,32.23580736,2094171.807,1060509.877,608240.4365,354061.2904,189772.4763,2217.956671,64.1056945,,,400137271,0.197838,0.19774,0.182531,0.182536,0.182669,0.182657,0.182835,,,400137271,0.197838,3.365665,3.591338,4.194609,3.661773,5.138805,8.872171
400137271,1.000714286,0.139954812,0.241733831,0.349727236,0.464581784,0.582302294,0.824012106,0.99860605,0.165765519,0.279434616,0.397290574,0.518674316,0.642717489,0.892737765,0.999284793,0.182607575,0.30112714,0.424910708,0.548565386,0.674075449,0.928778437,0.99808609,0.085400802,0.182728748,0.290651078,0.404833375,0.520851558,0.760964989,0.998313802,0.145463413,0.260809958,0.379853953,0.500733391,0.62607438,0.872797917,0.998605793,0.190223348,0.312904988,0.436064071,0.561489835,0.684606966,0.934046435,0.999672235,,,400137271,1.000714286,3072760.826,1567194.792,929306.6743,576397.3657,359370.1296,106872.3863,449.0012161,2516561.107,1292281.392,758062.6763,464456.5108,277720.6887,59821.8232,1051.720737,2237937.079,1159683.89,678433.1355,410452.7541,241774.4162,37345.59269,770.6385105,5000002.318,2231622.19,1219029.013,735589.9734,460080.6689,157130.3404,466.9438993,2939475.508,1421232.394,816197.6552,497076.6493,300246.0089,73358.34389,427.5144171,2132578.065,1098325.905,646737.3457,390764.7363,230840.7666,35315.18779,913.8679408,,,400137271,0.21298,0.212878,0.197659,0.197925,0.197648,0.197762,0.197976,,,400137271,0.21298,3.690497,3.941748,4.653108,3.991481,5.702051,10.20882
400137271,1.072122449,0.139865028,0.242935798,0.349797248,0.466215571,0.58239968,0.822924402,0.999978075,0.16596803,0.278737292,0.39759314,0.519530681,0.642721167,0.893631008,0.999990269,0.182217848,0.301065021,0.42305668,0.5478671,0.675547474,0.927918805,0.999962481,0.085262111,0.182660827,0.290566442,0.40414004,0.521055125,0.761121799,0.999987133,0.145343745,0.261023807,0.379880862,0.502120179,0.626291505,0.8737545,0.999989025,0.190103499,0.312866699,0.436988944,0.559688339,0.683731235,0.934511627,0.999903484,,,400137271,1.072122449,3108803.571,1598341.061,965142.0541,608767.4173,392866.1549,140668.8455,34118.3736,2546064.376,1326871.892,790571.4856,495968.3963,310399.0811,94238.87132,33207.97524,2273061.204,1194516.116,715185.2544,446160.3895,274238.7424,72443.98849,34307.05392,5000001.917,2264644.433,1251027.089,772035.2884,491147.6239,189770.3954,33828.12176,2972461.462,1449067.759,850136.6882,529512.0818,332610.1089,106910.5911,35188.46877,2165923.495,1133477.36,676980.523,427713.2696,263986.5176,70179.47932,32938.55259,,,400137271,0.228121,0.227947,0.212733,0.212959,0.212818,0.213026,0.212889,,,400137271,0.228121,4.063736,4.319223,5.170529,4.399589,6.384261,11.59513
400137271,1.143530612,0.139839036,0.241978109,0.350191017,0.465292918,0.582729343,0.823498872,0.999987221,0.165861017,0.27945167,0.396912385,0.518807758,0.643200691,0.893745925,0.999975272,0.182375703,0.301807123,0.423510869,0.549311457,0.673970832,0.929707935,0.999972367,0.085388127,0.183132676,0.291047698,0.40482427,0.520623548,0.762004383,0.999997588,0.145383516,0.260423123,0.381303346,0.503177391,0.624766599,0.87135533,0.999991983,0.190465484,0.312340808,0.436588407,0.559598365,0.685155608,0.936116376,0.999979758,,,400137271,1.143530612,3133986.573,1628498.076,990199.0783,638149.4708,420759.0122,168786.1859,62432.00259,2577503.831,1354191.849,820095.172,527784.998,340357.8367,124041.6681,62225.03996,2303092.93,1222222.559,743143.6616,474511.3253,303873.0571,101045.1478,63246.76816,5000003.536,2295687.916,1282308.348,800577.6934,522492.538,219431.8265,61920.97896,3006632.672,1482417.124,877617.6703,557056.5813,363097.337,136066.3218,62450.07738,2190263.646,1165165.045,707482.5555,454756.6258,291058.0351,96402.09745,61917.66057,,,400137271,0.243263,0.243116,0.227926,0.228112,0.228108,0.228154,0.227826,,,400137271,0.243263,4.539642,4.76773,5.739062,4.87302,7.143324,13.29568
400137271,1.214938776,0.139679893,0.242160068,0.350045324,0.465065257,0.582359407,0.824561747,0.999987695,0.16588857,0.279394089,0.397683422,0.518931703,0.641890653,0.894347465,0.999987145,0.182503528,0.301653236,0.423386443,0.549125313,0.675687274,0.928324769,0.999964928,0.085058102,0.182901616,0.291555343,0.405039321,0.52172723,0.760456681,0.999989011,0.14539627,0.260248728,0.379990359,0.502468651,0.625562517,0.872213252,0.999997163,0.189749416,0.31312617,0.435748167,0.560827084,0.683497373,0.931521765,0.999977691,,,400137271,1.214938776,3167870.411,1652260.042,1015651.768,663827.7186,446913.7707,194857.8977,88465.98617,2605230.001,1379476.327,845234.6531,553088.4811,366983.7551,148598.624,89291.54748,2328618.798,1249513.349,766822.009,499102.8817,329206.2065,126897.5959,88391.62037,5000002.076,2320366.131,1304548.475,822396.9638,547378.8449,244989.2026,87830.66606,3026529.992,1506552.46,903829.8744,585584.3665,388759.6771,161570.4995,88213.93669,2219507.519,1188544.412,733703.1111,480313.3178,318455.9221,124532.7656,88723.7694,,,400137271,0.258404,0.25813,0.242915,0.243149,0.243609,0.243461,0.243314,,,400137271,0.258404,5.136882,5.323769,6.412674,5.456596,8.100312,15.29155
400137271,1.286346939,0.139910754,0.241918052,0.350724472,0.465043644,0.582180684,0.825477157,0.999994478,0.16596909,0.278775073,0.39733864,0.518847117,0.644372307,0.893921038,0.999985161,0.182490224,0.300977457,0.42441151,0.548429172,0.674524969,0.93092343,0.999975849,0.085444958,0.182914614,0.291662074,0.404189953,0.522244275,0.760598878,0.999996591,0.145364101,0.261225441,0.379887542,0.500978892,0.625053582,0.870545339,0.999993081,0.190455379,0.312969573,0.437049924,0.560701464,0.685861739,0.934359273,0.99995258,,,400137271,1.286346939,3188042.07,1679363.764,1038125.154,685691.5337,469098.2826,217591.2992,111900.1447,2626311.045,1405615.427,869133.9038,575129.7313,387540.6692,170095.5384,111501.1681,2349364.728,1273056.407,791234.5066,522318.5409,352237.487,148675.4501,111095.5312,5000001.227,2340330.287,1329202.755,848043.3076,568220.0916,269957.951,111957.632,3053706.17,1527147.848,928752.1035,608495.3456,411303.4572,185080.7526,112057.005,2238548.046,1210407.497,755629.5598,502286.8631,340849.849,146293.2524,110391.0847,,,400137271,0.273545,0.273403,0.258523,0.25817,0.258367,0.258501,0.258438,,,400137271,0.273545,5.929964,6.009276,7.265983,6.154274,9.161577,17.56926
400137271,1.357755102,0.139749022,0.24235631,0.349881762,0.464570448,0.582252633,0.822744602,0.999989683,0.166000445,0.278829993,0.397962361,0.520356585,0.642193717,0.893050829,0.999993998,0.182684554,0.301386951,0.422656572,0.548165744,0.67394376,0.930026593,0.999989259,0.085152623,0.183369501,0.291239586,0.405065646,0.522303704,0.759562831,0.999978773,0.145896356,0.261113799,0.38025915,0.503145707,0.625671729,0.872140154,0.999981184,0.190080324,0.312513946,0.434398801,0.560542821,0.684973467,0.936245714,0.999960145,,,400137271,1.357755102,3212096.991,1696928.807,1060217.818,706660.8263,491539.6186,238314.1373,131571.8949,2646102.114,1427497.197,889718.4017,593882.0634,410564.0243,191725.539,131452.0992,2373405.992,1292775.889,813330.2062,543874.1199,374781.2906,170757.8912,131793.5349,5000005.305,2363058.768,1350624.858,866726.0264,589458.9522,289201.1984,131520.3097,3067032.041,1549872.257,947517.8704,625584.6106,431397.0164,204336.6617,131304.5744,2261528.897,1230943.498,782556.2153,523572.2463,361983.1874,166504.8875,131624.6471,,,400137271,0.288687,0.288165,0.273557,0.273266,0.273509,0.273283,0.273669,,,400137271,0.288687,6.941603,6.794741,8.228241,7.067097,10.45903,20.47426
400137271,1.429163265,0.139885715,0.242622173,0.350258866,0.464529964,0.582330123,0.823187769,0.999990442,0.166288933,0.279322059,0.397699209,0.519832796,0.642883121,0.894009673,0.999988197,0.182252237,0.301218658,0.423874364,0.547772683,0.673478305,0.928681468,0.999995734,0.085075545,0.182850966,0.29215201,0.404715672,0.521807418,0.759945865,0.999995459,0.145397099,0.260927772,0.379528463,0.501803976,0.625769784,0.870803388,0.999981514,0.190144329,0.312237719,0.436538748,0.561347278,0.687542556,0.934554942,0.999994556,,,400137271,1.429163265,3224944.81,1714109.324,1078210.947,725649.6172,509617.2851,257437.7767,152392.203,2663204.03,1441903.036,907049.8793,612574.3534,428519.3024,209619.6053,150840.9624,2389994.125,1310997.165,829405.0529,561964.8637,390178.9296,187232.0673,148845.6179,5000005.093,2384446.752,1366737.995,885871.2974,607200.4515,307441.8297,149437.071,3090143.857,1567003.173,965829.7476,645765.1199,450697.4655,223414.9965,149177.5087,2281571.051,1254891.446,798006.1415,541023.4663,377744.0102,183913.6051,150284.8677,,,400137271,0.303828,0.303609,0.288406,0.2885,0.288236,0.288692,0.288717,,,400137271,0.303828,8.565723,7.668391,9.476698,8.337612,11.95043,23.93975
400137271,1.500571429,0.139734488,0.242395201,0.350583641,0.465416902,0.582376874,0.824650607,0.999992463,0.166361639,0.279082719,0.39734611,0.518932288,0.642172207,0.893386813,0.999993631,0.182589002,0.301421621,0.423789965,0.549401937,0.675129383,0.931201674,0.999986902,0.085264895,0.18332941,0.290376024,0.405128506,0.520671856,0.761063734,0.999988264,0.145605165,0.260378668,0.380206207,0.501677465,0.625695005,0.872042798,0.999988378,0.189955472,0.312238157,0.436339091,0.561484132,0.684456079,0.937929621,0.999974809,,,400137271,1.500571429,3241176.449,1730716.376,1095424.097,742213.8223,526046.8631,272797.8544,166726.5347,2676845.543,1459432.09,925297.5426,630671.1853,444338.2998,226044.7884,166910.5496,2403628.753,1325498.485,846668.6031,577336.6148,408325.5141,203547.9584,166725.261,5000003.686,2395741.854,1386038.569,902743.997,626901.1135,324538.8778,166160.6593,3100876.863,1586767.089,983092.2063,665614.5475,466206.1098,240229.2011,165814.2104,2295171.981,1268199.953,811910.6266,558835.878,397361.6491,200847.6474,166614.4057,,,400137271,0.31897,0.319095,0.303906,0.303639,0.303795,0.304075,0.303951,,,400137271,0.31897,11.18797,8.976909,10.89576,11.96784,14.16256,28.41849
400137271,1.571979592,0.140018932,0.242145738,0.350859719,0.466386981,0.583518145,0.824034285,0.999996716,0.166068302,0.278982532,0.39785824,0.520165541,0.643215129,0.895095319,0.999996717,0.18288899,0.300905747,0.422988881,0.547668047,0.675587934,0.927722003,0.999996546,0.085049314,0.183136424,0.291046707,0.404304754,0.521107515,0.760799821,0.999981648,0.14547343,0.261256469,0.380516907,0.502561669,0.624476447,0.872998307,0.999983043,0.190066214,0.312706496,0.435320492,0.560488218,0.684737586,0.937108669,0.999987847,,,400137271,1.571979592,3259907.791,1747143.346,1109256.452,757816.2672,539339.1214,289087.8041,181673.8843,2694516.97,1473489.773,939737.524,645095.508,459163.6593,240213.9595,181469.0135,2418842,1342968.913,861808.6937,593297.6536,422359.1903,220252.7988,181823.8004,5000004.877,2414313.111,1398833.171,918479.9137,640125.9943,340004.8862,181566.2145,3117049.129,1598902.04,997808.0072,678666.3768,481593.1918,254537.2054,181239.4846,2314900.776,1278828.229,830045.8962,572719.7039,413017.3829,216508.211,182303.5192,,,400137271,0.334111,0.333824,0.318505,0.319055,0.29238,0.318511,0.31925,,,400137271,0.334111,15.62985,10.772,13.01345,132401.2,16.98634,33.88213
400137271,1.643387755,0.139580306,0.242084814,0.349755263,0.465033179,0.582148314,0.821558812,0.999996393,0.165630368,0.278768365,0.396994517,0.519156247,0.642825241,0.892646782,0.999996819,0.182317406,0.301383178,0.423072181,0.548588287,0.675754742,0.928350753,0.999992448,0.08513553,0.182826138,0.290660056,0.405575865,0.521327138,0.760295423,0.999999324,0.145469696,0.260634738,0.380527358,0.50168827,0.623686393,0.872983852,0.999999324,0.190221529,0.31300497,0.43655937,0.561226933,0.685288976,0.938517916,0.999993874,,,400137271,1.643387755,3276016.151,1760998.192,1124818.3,771262.5508,555262.8422,303126.9108,195751.4811,2709507.809,1488889.82,953251.199,660028.4783,473593.0974,254883.7869,196396.1556,2435075.32,1356081.053,878012.6399,608189.4469,435602.0261,234165.9558,197212.548,5000004.098,2430133.605,1415516.704,931131.6585,654502.8329,352569.6496,196825.1181,3130939.643,1613284.232,1009971.478,691963.2007,496880.9432,267478.1526,196541.4094,2327013.482,1294410.664,842028.6645,587128.0812,424317.676,228938.5296,195952.7945,,,400137271,0.349253,0.349871,0.333731,0.334106,0.290858,0.334198,0.33424,,,400137271,0.349253,49.99094,13.1734,15.6862,223346.9,20.99491,41.22257
400137271,1.714795918,0.13988271,0.242675615,0.350453222,0.465725808,0.582900598,0.824000054,0.999999323,0.165911932,0.278513058,0.397714722,0.519739483,0.643493466,0.893668897,0.999999324,0.182555013,0.30116423,0.423869835,0.549735531,0.675405149,0.928674684,0.999999324,0.085197479,0.18324647,0.291651357,0.404992241,0.522239366,0.760477542,0.999998233,0.145260131,0.26070672,0.379868736,0.502911491,0.624634672,0.873509996,0.999993184,0.190156733,0.312658546,0.436301868,0.559930745,0.68450827,0.935290875,0.999974694,,,400137271,1.714795918,3284850.842,1770468.138,1136098.938,782775.8967,566731.4442,315836.0885,208343.9753,2715545.582,1502164.068,966011.6373,670020.1684,486681.4615,267722.7024,209161.455,2447045.327,1371188.131,888721.8226,618731.0568,448548.5603,246852.8591,208993.6017,5000004.163,2443409.513,1423142.487,943723.0029,666149.9476,365671.5612,209159.9942,3145421.494,1627429.813,1026464.244,703352.5411,509076.5153,280810.7885,208332.5594,2338237.235,1308064.228,856313.6314,601749.0177,439873.0741,242602.5199,209517.6697,,,,0.364394,0.350221,,,,,,,,,0.364394,55684.18,,,,,
400137271,1.786204082,0.139903583,0.241864445,0.350246684,0.464900275,0.582584186,0.823615119,0.999994899,0.165927743,0.278707783,0.397761201,0.518714484,0.643697553,0.895012001,0.999985192,0.182429044,0.301062933,0.423270767,0.549668967,0.672266518,0.927827596,0.99997863,0.085059269,0.183079743,0.291369917,0.404443419,0.521710942,0.760890685,0.999989973,0.145307867,0.260530423,0.380938203,0.501436982,0.624531006,0.872953245,0.999996861,0.190138075,0.312443465,0.435482161,0.560786855,0.687603393,0.93437929,0.999979433,,,400137271,1.786204082,3294018.008,1787129.284,1146503.164,795065.1805,578153.6549,327539.5781,220491.2171,2731729.378,1514533.221,978768.7583,682458.1831,498682.1037,279336.1285,220567.7461,2458387.191,1381441.361,900974.9021,630830.1061,463570.4114,258953.1633,219420.9359,5000002.27,2453667.82,1439660.083,956094.3012,679030.6255,376558.713,220630.8057,3158289.573,1638288.586,1035388.255,717323.152,520451.696,293396.0902,220119.9916,2350259.033,1320508.838,867166.0164,612776.4743,448965.0184,255306.9175,220606.9721,,,400137271,0.379535,0.349665,0.348658,0.349519,0.291457,0.34884,0.349434,,,400137271,0.379535,111833.9,16.83087,19.40831,282806.5,27.74513,50.79954
400137271,1.857612245,0.139783443,0.242430472,0.350622434,0.464607577,0.581627222,0.824358679,0.999999323,0.165960898,0.278991918,0.398070712,0.520342831,0.64232247,0.893345504,0.999992967,0.182595541,0.301057705,0.422462238,0.548374763,0.675894279,0.927655626,0.999983567,0.08510882,0.182782556,0.29123096,0.4045091,0.522583452,0.758637739,0.999990468,0.145340321,0.260938677,0.380155952,0.502812451,0.625019179,0.873695784,0.999995888,0.190273239,0.312269531,0.437064355,0.559960699,0.684118549,0.936654975,0.999997217,,,400137271,1.857612245,3311089.138,1796163.757,1157723.225,807001.7288,590152.5235,337152.1331,230951.2025,2743445.447,1521137.591,988925.6454,692906.0904,508569.579,290436.7298,230435.2858,2466600.348,1393528.189,913238.9057,642293.1608,470402.013,271033.7923,231874.7509,5000004.644,2466009.258,1448312.422,965972.2874,688700.2765,389014.1576,229966.6162,3171812.665,1646863.142,1047575.888,728067.5182,530000.5292,303322.8502,231376.9089,2360705.067,1329503.222,874326.1942,625805.967,460656.8201,265077.951,231810.5887,,,400137271,0.394677,0.350272,0.363798,0.364213,0.291245,0.364143,0.364222,,,400137271,0.394677,160379.5,23.5038,24.50363,345253.9,43.5049,65.5818
400137271,1.929020408,0.13970697,0.242216595,0.349788299,0.464367327,0.582176252,0.825063933,0.999999323,0.16601487,0.279246538,0.397139028,0.518002655,0.643129674,0.894875904,0.999999324,0.182925777,0.300874279,0.424375282,0.549002779,0.675783738,0.926566656,0.999999324,0.085210296,0.18354339,0.291225957,0.405033043,0.522468268,0.759335315,0.999999325,0.145931073,0.260014314,0.380460101,0.503064573,0.623843999,0.869820038,0.999999324,0.190219374,0.312314877,0.435743377,0.561553465,0.684971014,0.93163525,0.999988908,,,400137271,1.929020408,3318782.848,1806112.618,1167470.018,815993.0499,599889.9156,346502.4678,240840.0122,2753924.722,1533471.028,999661.1466,704174.3552,517853.6772,300070.7539,241054.325,2479643.526,1401862.386,920480.8579,650046.9014,480738.3365,279553.3536,241297.8634,5000002.851,2476999.129,1459654.086,975368.9383,699679.0298,399053.1876,242767.7365,3174108.159,1660413.037,1054542.174,736406.7324,541734.9751,314280.0677,241381.0604,2370054.122,1340812.769,887075.0527,631031.6289,470479.3252,277484.2938,242111.1904,,,400137271,0.409818,0.35007,0.379152,0.379702,0.29091,0.37962,0.378984,,,400137271,0.409818,205509.6,41.84607,33.24726,400605.6,163.8018,84.56516
400137271,2.000428571,0.139991973,0.242133429,0.35018125,0.464496673,0.581794774,0.825631485,0.999998829,0.166319471,0.278830782,0.397097212,0.519149971,0.643461871,0.894379411,0.999998068,0.182442921,0.300768751,0.422592498,0.54755682,0.67453221,0.930290824,0.999995687,0.084928343,0.183244271,0.291029794,0.404963133,0.521271081,0.760905269,0.999996818,0.145558166,0.260856876,0.380246017,0.501037029,0.62509948,0.874665054,0.999982002,0.190470193,0.312591003,0.435625131,0.560977954,0.683722029,0.937175451,0.999986386,,,400137271,2.000428571,3327876.7,1815266.976,1178388.506,827722.6798,609482.2441,355453.8835,250620.3355,2761630.015,1546433.106,1009496.864,713857.7028,527906.084,309003.1159,249840.7135,2490582.548,1411712.065,931347.3723,662777.271,491381.719,288398.0806,250565.5665,5000002.031,2480057.557,1469663.909,986101.8089,708650.8998,407047.4851,249976.5993,3187625.013,1667520.699,1066150.355,748042.4545,550034.1886,321792.7596,250360.1855,2377736.048,1349531.74,899255.0094,641835.0388,480214.4091,283387.3232,250088.4062,,,400137271,0.42496,0.349792,0.395098,0.394123,0.291029,0.379945,0.394551,,,400137271,0.42496,253867.4,275.5884,51.61813,453463.2,47334.01,124.9935
400137271,2.071836735,0.139913217,0.24134082,0.350338694,0.464364441,0.582553753,0.822398403,0.999999323,0.165808561,0.278429331,0.396882636,0.519690334,0.641842943,0.893497034,0.999999324,0.182589273,0.301079691,0.423844601,0.548870106,0.675671656,0.929250511,0.999999324,0.085269673,0.183095064,0.291401042,0.40454359,0.52131436,0.761798236,0.999996655,0.145808753,0.260850818,0.380242786,0.501768717,0.624035073,0.873496298,0.999998204,0.190564324,0.312984829,0.436705658,0.560333356,0.685408166,0.933526518,0.999994626,,,400137271,2.071836735,3331698.92,1826877.935,1186015.003,834961.2783,615865.1755,365415.0116,258789.272,2768849.496,1552756.18,1019340.225,719733.1691,539034.2588,317755.7688,258820.2425,2496488.539,1419553.878,937759.7452,669279.2049,499951.8663,297845.7749,259332.4822,5000004.11,2490213.591,1475244.426,996411.4206,718611.0157,414985.8041,257150.1825,3189888.265,1677597.804,1074721.834,754959.3411,559505.159,330933.1976,258603.007,2384355.657,1357959.953,905683.1916,650043.2939,488410.34,294949.0204,259249.3318,,,400137271,0.440101,0.349746,0.396858,0.409678,0.29096,0.379944,0.409676,,,400137271,0.440101,294670.4,40201.72,107.435,498015.7,95582.23,203.0785
400137271,2.143244898,0.140150434,0.241994199,0.349581076,0.465550492,0.582431403,0.823607541,0.999998569,0.166133584,0.279323074,0.397163768,0.519581126,0.643218893,0.895306838,0.999999323,0.182679652,0.301126067,0.424454818,0.548794406,0.674151266,0.931696786,0.999999323,0.08535038,0.183037603,0.291094631,0.404592713,0.522007346,0.759715491,0.999993022,0.145588133,0.260902949,0.380177863,0.502415759,0.623450795,0.873633496,0.999998441,0.189725219,0.31265234,0.435912922,0.559729907,0.68496516,0.935400623,0.999999323,,,400137271,2.143244898,3341369.026,1832593.577,1194160.64,841583.8794,624911.9252,373287.819,266240.1263,2780515.665,1558228.251,1026431.473,730175.3685,544516.8834,325532.7758,266385.2315,2507507.73,1426825.787,944787.0905,676975.7256,509287.7742,303229.6595,266740.9289,5000004.845,2497428.745,1485161.624,1003468.839,725217.8837,424026.4774,266387.5051,3203782.65,1684795.927,1082857.855,762556.343,569293.7537,339601.4902,267060.4232,2398992.282,1365242.894,915111.5481,658378.2515,495770.0135,299532.7546,266301.1024,,,400137271,0.455242,0.349979,0.397466,0.423347,0.291051,0.380051,0.424602,,,400137271,0.455242,330286.6,80401.62,5838.086,542992.8,137936.5,469.4239
400137271,2.214653061,0.139835614,0.242274738,0.350318465,0.465381088,0.582557533,0.824557886,0.999999324,0.165840933,0.278915862,0.397169322,0.520362475,0.643775362,0.891995292,0.999999075,0.182331913,0.300621155,0.424436106,0.548694558,0.675279879,0.929117107,0.999998633,0.085095853,0.182579423,0.291912606,0.405060864,0.522256289,0.760925172,0.999992004,0.145587584,0.260814141,0.381088183,0.502573206,0.625309135,0.873634146,0.999999324,0.190196333,0.312168454,0.436729561,0.559608047,0.687157211,0.935403582,0.999986814,,,400137271,2.214653061,3349062.966,1839899.961,1200905.38,848741.7433,633147.1624,381573.3444,274667.2505,2788886.815,1564517.993,1031306.394,735532.9205,552354.7717,334210.9047,276120.2555,2514900.21,1436943.641,952449.3973,684664.5771,515351.0842,311891.1775,273685.5214,5000000.024,2509463.451,1491067.672,1010176.545,733666.6398,430917.2919,274597.3072,3208637.158,1691669.984,1086634.443,769400.7714,574605.3095,346793.3633,273980.0258,2404525.725,1375345.124,920261.9399,667255.8742,503367.4919,308272.3236,274212.6929,,,400137271,0.470384,0.349757,0.397179,0.42325,0.291077,0.380536,0.435586,,,400137271,0.470384,368891.2,121923.2,43582.86,580737.3,178010.9,11670.2
400137271,2.286061225,0.139715565,0.242127179,0.350171551,0.465133527,0.582567887,0.824405407,0.999998519,0.166022187,0.279058156,0.39715813,0.5190965,0.642325007,0.895206941,0.999995257,0.182518982,0.300832086,0.42335234,0.547773653,0.672836425,0.926575913,0.999997211,0.085008815,0.182833855,0.290956473,0.405317261,0.521832601,0.763309525,0.999993882,0.145193992,0.260792258,0.380177549,0.501101588,0.624185034,0.873270859,0.99999852,0.19025654,0.312182884,0.436234039,0.560535959,0.684781962,0.936184562,0.999982793,,,400137271,2.286061225,3356491.461,1848244.063,1209753.289,857044.1983,638868.829,387069.609,281528.2321,2790631.686,1573922.534,1039416.486,743826.2398,559400.4991,340720.809,281785.7132,2524498.266,1442585.185,961647.8498,693336.2866,522448.9935,320118.2832,280724.8482,5000000.241,2514819.877,1499883.956,1015556.465,740336.7092,437436.5268,280410.0453,3220198.039,1698649.704,1097066.309,778551.4131,582331.2847,354524.108,281600.2926,2414449.462,1383954.926,928618.681,673175.21,510726.3383,316578.669,281017.9891,,,400137271,0.485525,0.35005,0.397134,0.423751,0.290942,0.379963,0.435922,,,400137271,0.485525,400024.7,161336.2,80682.01,620333,216132.4,50391.41
400137271,2.357469388,0.139949602,0.242312997,0.35079871,0.464907058,0.583383675,0.823927094,0.999998552,0.165660766,0.279177418,0.396509786,0.519959457,0.642025521,0.894202316,0.999998552,0.182177238,0.301516031,0.424126755,0.548013209,0.673820804,0.926745242,0.999998552,0.084948267,0.182889362,0.29155776,0.405283803,0.522232948,0.762070533,0.999998552,0.145848832,0.260425246,0.379791654,0.501926949,0.624083752,0.873918608,0.999994761,0.189838166,0.312786822,0.436387037,0.560991706,0.686253341,0.937962594,0.999993666,,,400137271,2.357469388,3361680.671,1851722.139,1215308.83,865573.327,644825.1555,394178.2473,288379.5045,2799540.125,1579146.56,1046387.272,750132.9396,566397.3409,346044.6647,287118.6601,2528298.056,1446581.904,966238.0702,700704.3271,529004.0235,326376.5088,288186.5487,5000003.093,2521878.241,1507427.824,1022786.93,746009.4427,445321.8775,288467.0539,3220858.115,1706561.297,1104491.871,784743.9494,589138.9853,360638.8229,288886.8595,2421738.317,1387915.024,934591.0827,681585.5644,516572.6897,321606.4972,287570.1579,,,400137271,0.500667,0.349937,0.39777,0.423271,0.290755,0.380377,0.436468,,,400137271,0.500667,430983.1,193354.4,119659.6,655277.4,249581,83235.21
400137271,2.428877551,0.139940262,0.241697732,0.350352619,0.465167173,0.581661411,0.824155227,0.999997588,0.165801846,0.279461656,0.396975599,0.518310265,0.642609493,0.896864586,0.999984513,0.18245522,0.301127798,0.423797322,0.550044656,0.674302112,0.929493145,0.999995494,0.085056123,0.182777723,0.290655937,0.404778663,0.522563246,0.761290532,0.999997661,0.145349233,0.260586457,0.380742687,0.502351312,0.625094057,0.870263841,0.999982783,0.190039064,0.312145827,0.436329871,0.55950257,0.685732385,0.936207238,0.999998821,,,400137271,2.428877551,3368763.971,1859359.455,1222638.564,869076.2366,652644.1939,400501.0983,293948.5242,2807212.378,1586035.103,1053397.565,758758.9941,573303.0401,352432.8423,294265.0861,2533674.984,1454543.564,974180.6197,705111.4341,536850.738,332886.4267,294406.9669,5000005.418,2533225.258,1513725.104,1028941.647,753674.1298,450899.847,294228.0879,3228312.388,1710994.901,1108000.176,789353.2382,593872.7828,368575.275,293859.6603,2425334.361,1393064.042,941598.7428,686216.3567,522967.526,328343.9696,294182.0008,,,400137271,0.515808,0.349854,0.397099,0.423355,0.290656,0.379988,0.435903,,,400137271,0.515808,459783.3,228828.4,151750.9,689186.8,285180.4,118076.4
400137271,2.500285714,0.139816578,0.242560881,0.350202371,0.464957294,0.582959033,0.823031556,0.999998893,0.166307389,0.279429561,0.39796828,0.518987401,0.64301016,0.893780546,0.999998891,0.182476654,0.301330289,0.422779368,0.548205687,0.675128441,0.932050078,0.999998892,0.085144919,0.182697283,0.290882495,0.405168514,0.522232426,0.761143544,0.999998891,0.145854959,0.259899371,0.380450119,0.501072207,0.623125002,0.872998214,0.999998891,0.18987192,0.312115208,0.435098032,0.561850372,0.685842305,0.933775285,0.999990705,,,400137271,2.500285714,3377892.515,1866411.133,1229599.863,873891.9202,658779.5437,405952.8892,300670.4433,2811372.737,1591875.306,1058970.207,764630.5944,577816.0747,359751.8487,299659.3752,2537545.481,1460860.16,981851.2291,710386.6388,540842.9663,336903.7536,299692.2541,5000003.454,2531456.339,1518785.795,1035037.282,759254.9201,457647.5772,298954.3451,3231235.523,1719054.698,1114199.721,796953.4748,601016.306,373044.7182,299809.9749,2429131.983,1400062.314,947080.3373,689255.0986,527628.5071,335672.216,299701.8318,,,400137271,0.530949,0.350395,0.397312,0.423759,0.291165,0.380225,0.436272,,,400137271,0.530949,486080.6,259535.1,179248,700000,316194.1,146116.3
400137271,2.571693878,0.139630437,0.242083702,0.35041857,0.464427157,0.583815615,0.824197798,0.999997352,0.16591046,0.279563833,0.396922252,0.519373059,0.642060246,0.892451294,0.99999628,0.182233804,0.301847298,0.424372175,0.549758892,0.675262323,0.929537371,0.999992119,0.085090992,0.182993855,0.290972889,0.404165094,0.52092246,0.761014079,0.999987772,0.145103601,0.260421622,0.380161286,0.501814008,0.625730795,0.873080146,0.999995938,0.19009662,0.312103943,0.43546163,0.5593765,0.683707881,0.936142789,0.999994887,,,400137271,2.571693878,3381827.185,1871147.598,1234026.656,882219.8188,663319.9209,412539.1023,305981.0295,2817342.827,1597067.026,1063767.935,769097.8538,583191.7438,365684.5314,305290.5992,2546650.798,1465118.545,984539.415,716423.8636,546556.7718,343930.68,306089.1086,5000001.636,2539280.671,1523444.187,1041614.435,764951.0951,462257.7466,305740.4592,3237223.011,1724574.128,1121076.583,802585.651,605503.9448,378591.5202,305247.4082,2437793.529,1407308.917,955723.3071,699071.4469,536842.4738,340563.0994,305187.9304,,,400137271,0.546091,0.350241,0.39741,0.424273,0.291161,0.380274,0.436897,,,400137271,0.546091,512317.8,287374.3,207689.1,700000.5,344258.2,176000.8
400137271,2.643102041,0.139606221,0.242721613,0.350538274,0.465007412,0.582790894,0.824380407,0.99999853,0.166069815,0.278955513,0.397611571,0.519095365,0.64267882,0.896652825,0.999999324,0.182762238,0.300601752,0.423530068,0.55005238,0.676387878,0.928815894,0.999998957,0.085138093,0.182882691,0.291442511,0.404100701,0.521483505,0.75967978,0.999999113,0.145435645,0.260899098,0.380578774,0.501518947,0.625023936,0.873375197,0.999995407,0.190001979,0.312624231,0.435853468,0.561404143,0.687176886,0.933947414,0.999994998,,,400137271,2.643102041,3389451.277,1873935.687,1239976.186,885358.6939,669435.3805,417714.641,310208.177,2824393.583,1603033.282,1067933.642,774246.0033,588975.4137,368720.8794,311331.0406,2548971.382,1474804.058,991114.7696,721189.7326,550835.9147,349357.4134,310969.3021,5000002.73,2541909.112,1528093.874,1046615.006,770141.088,468449.3652,311602.1671,3250682.452,1729112.543,1125256.982,807759.5395,610759.3383,383128.5965,309586.528,2439714.482,1410340.598,959201.3308,703230.8705,539709.5202,346409.4231,312014.9004,,,400137271,0.561232,0.349611,0.397746,0.423227,0.291088,0.380705,0.436003,,,400137271,0.561232,539838.6,314624.3,236487,700000.7,371344.8,204603.6
400137271,2.714510204,0.139777697,0.242173855,0.349982837,0.464792184,0.583146218,0.825305368,0.999996302,0.165830699,0.279250127,0.39689459,0.518921363,0.641777442,0.895038993,0.999999323,0.182355342,0.301477902,0.423813585,0.547898574,0.674533749,0.929698065,0.999997797,0.085236605,0.183221827,0.290928878,0.405220985,0.521244031,0.761637243,0.999999001,0.145358133,0.260244347,0.380504216,0.502235708,0.624356253,0.872742088,0.999997849,0.190231693,0.312718761,0.436548964,0.560060927,0.685297054,0.938237057,0.999999323,,,400137271,2.714510204,3389634.742,1879379.921,1243108.739,891168.4769,674325.1634,421491.372,315138.3025,2827437.384,1606913.798,1072686.624,779479.9244,595965.9964,374521.2799,315493.0411,2555668.381,1475778.716,995360.9735,728873.4915,558711.3711,354226.0155,315913.7283,5000004.016,2549649.45,1533612.668,1051391.376,775235.1368,474488.6896,316341.798,3255887.81,1735015.602,1131611.853,811989.0897,616900.803,387925.6106,315763.3895,2443647.733,1415364.318,961390.2875,708044.3867,546035.3894,348475.0168,314983.7286,,,400137271,0.576374,0.350489,0.397163,0.424077,0.291117,0.380527,0.435853,,,400137271,0.576374,558503.7,342196.6,263487.4,700000.6,398396.9,231571.2
400137271,2.785918367,0.139664439,0.24252615,0.350970819,0.464786625,0.581510608,0.826615922,0.999993179,0.165956522,0.278883748,0.397438843,0.519897072,0.64269224,0.894888784,0.999988076,0.182350849,0.301250101,0.422859439,0.548649146,0.67262199,0.927521096,0.999996595,0.085126007,0.183121547,0.290937556,0.405960929,0.520775788,0.759656868,0.999996011,0.145410567,0.260098912,0.38070261,0.502074205,0.62410671,0.87169624,0.999996814,0.190305317,0.312879399,0.43486982,0.562461808,0.685318011,0.936011858,0.999993057,,,400137271,2.785918367,3401736.567,1882317.982,1248841.489,897224.4309,679105.0064,426000.6479,320439.38,2832263.09,1612543.276,1080163.412,783462.6075,598868.8247,379225.4722,320220.9952,2562966.131,1482515.051,1000430.712,732206.3276,562940.1622,359225.3693,319928.3552,5000002.464,2551818.671,1539913.106,1056421.47,779618.9369,477699.6782,320312.1926,3254535.509,1737856.317,1137072.286,816067.9393,621899.2916,393730.5823,320820.1545,2450107.563,1419959.825,970524.5132,710803.8875,549619.5917,354929.3029,321636.9617,,,400137271,0.591515,0.349863,0.397269,0.42339,0.291078,0.380302,0.43565,,,400137271,0.591515,582257.4,365880.6,288545.6,700000.2,423905.2,256970.2
400137271,2.857326531,0.139684076,0.242253643,0.349957391,0.464298486,0.583251247,0.824412368,0.999997533,0.166028511,0.278920205,0.397217885,0.51842749,0.643796023,0.894449612,0.999999323,0.182395657,0.300991043,0.424462528,0.54897015,0.674208448,0.928183939,0.999999323,0.08504727,0.183183736,0.290845312,0.404283207,0.520940639,0.759711349,0.999999324,0.145485564,0.260879962,0.380351555,0.501814803,0.626176182,0.872905878,0.999994917,0.190429291,0.311984086,0.436201473,0.560630823,0.68567887,0.939299963,0.999999324,,,400137271,2.857326531,3405049.972,1888826.373,1254240.41,900328.9704,682716.4527,431757.1467,325017.1293,2836988.324,1619552.271,1083939.174,789320.9861,601449.1684,383777.34,325045.1377,2565331.169,1485865.738,1003287.214,736438.1756,566705.7344,364357.0434,325073.8617,5000000.509,2553677.171,1541181.551,1060541.402,783797.1277,482143.351,325231.6296,3263730.928,1741403.654,1139800.517,821010.9128,625413.1407,397890.5325,325245.0437,2453614.599,1427844.83,970939.4037,717639.0288,553836.4512,358090.0841,325849.3769,,,400137271,0.606657,0.34976,0.397414,0.423519,0.290803,0.380787,0.436462,,,400137271,0.606657,605887.7,390808.3,312145.8,700000.1,445649.9,277592.2
400137271,2.928734694,0.139793155,0.242289044,0.350897126,0.464394247,0.580970081,0.824201535,0.999996774,0.165825374,0.278980358,0.396901511,0.519057796,0.642650848,0.893913978,0.999995891,0.18266215,0.300592091,0.423446666,0.54823113,0.6750216,0.92882893,0.999992154,0.085081069,0.18276302,0.290674472,0.403500447,0.521676453,0.759758608,0.999992041,0.145539873,0.260754901,0.380197834,0.502241728,0.62430834,0.871016962,0.999997778,0.190448151,0.312453164,0.436846478,0.560916946,0.686435291,0.937073753,0.999991561,,,400137271,2.928734694,3404958.712,1893527.21,1255743.715,904650.1243,688197.3193,436701.8542,330411.5219,2841710.998,1621395.079,1087870.643,793983.925,606845.9805,389090.6036,328378.6984,2566134.675,1489740.512,1007941.394,743030.3547,571009.3913,368086.138,329457.0697,5000000.046,2563399.975,1547803.449,1066420.596,787458.9111,487136.3244,329189.4802,3264753.087,1745077.142,1143703.882,823485.2164,629698.2694,402288.9155,328131.8853,2456094.163,1432030.092,974358.6492,720682.7305,557586.0474,363678.1309,329051.8446,,,400137271,,0.350504,0.397385,0.424227,0.29096,0.380213,0.436038,,,400137271,0.621798,621752.1,410187.7,333315.3,700000.8,468216.6,302137.6
400137271,3.000142857,0.139596455,0.242045388,0.349689575,0.465376933,0.583623513,0.8241986,0.999991661,0.165890711,0.278805291,0.396617483,0.519763665,0.642094786,0.893386492,0.999994391,0.18235794,0.300861068,0.423728621,0.546815431,0.675322762,0.930174682,0.999998253,0.085105555,0.182814512,0.29186492,0.404126538,0.521886155,0.761916513,0.999999323,0.145535249,0.260951836,0.381111105,0.501820704,0.624505601,0.872599074,0.999997989,0.190186382,0.312280659,0.436804755,0.560620474,0.684299673,0.934679035,0.99999853,,,400137271,3.000142857,3411047.111,1899468.817,1262066.961,907881.6191,691644.775,439891.0459,333696.291,2847327.431,1624203.388,1094425.143,797811.2416,611932.3758,392847.3181,334125.6443,2571132.626,1495081.128,1013907.199,747005.413,573047.9266,370977.6871,333018.3362,5000004.199,2564065.125,1549387.549,1069175.449,791172.3848,490878.5958,333143.1117,3267555.235,1749534.727,1147620.344,830227.9491,633957.5215,405818.9473,333618.4494,2461722.625,1435061.987,978370.6312,726464.2154,565105.8989,368184.495,333266.8793,,,400137271,0.621798,0.350065,0.397429,0.423306,,0.379993,0.434822,,,400137271,0.636939,644854.4,435139.1,356124,700000.6,493396.6,325427.6
400137271,3.07155102,0.139480981,0.242173148,0.349856171,0.464584475,0.582218455,0.822305376,0.999995507,0.165749453,0.279609318,0.397452354,0.519678582,0.642247964,0.894029981,0.999997977,0.182130158,0.301325726,0.424389857,0.548390849,0.674018292,0.930610694,0.999996778,0.084965556,0.183097452,0.291047963,0.404114616,0.522282677,0.760615009,0.99999734,0.14531557,0.260480413,0.379902319,0.50131657,0.624951525,0.872251522,0.999986998,0.190277189,0.311709483,0.435705705,0.561104496,0.687019571,0.934690903,0.999987395,,,400137271,3.07155102,3413523.552,1902233.13,1263850.146,911908.9768,696374.0746,444049.9663,336172.8354,2854994.76,1626304.16,1094540.865,799897.4003,614695.4519,396170.5382,336629.4608,2582851.732,1497329.955,1017470.146,747975.4941,579078.8648,374805.3542,337451.4942,5000004.288,2570370.301,1553478.682,1074383.992,795587.6844,494512.3897,337144.6341,3276402.401,1755525.131,1152878.431,834279.7984,637152.9062,410391.3981,336707.3053,2468808.178,1440239.566,984421.59,727932.9396,566257.3968,372661.7522,337752.7257,,,,0.636939,0.3502,,,0.291053,,,,,,0.652081,662677.3,,,,,
400137271,3.142959184,0.139935082,0.242369469,0.349504235,0.464048801,0.583258734,0.824798208,0.999992989,0.166243416,0.278604671,0.39655003,0.519146109,0.643435348,0.892237772,0.999997044,0.182210368,0.300798653,0.422806774,0.548144317,0.674285116,0.927651446,0.999986632,0.085070725,0.182769994,0.29063569,0.404546141,0.521152091,0.759608725,0.999998125,0.145589823,0.260341971,0.380434969,0.501603135,0.624946694,0.872219694,0.999991906,0.189751952,0.312977951,0.435300328,0.559695003,0.684920749,0.935235903,0.999987018,,,400137271,3.142959184,3415705.713,1904860.63,1270207.55,917992.8053,698673.3777,447666.2304,341319.3572,2851328.779,1636626.493,1101939.173,804324.7889,618184.6216,400475.6414,340784.3709,2580487.916,1502054.97,1022893.431,752660.0427,581802.9993,379510.6041,340409.765,5000004.768,2576333.063,1556993.816,1077121.799,800068.0103,499021.6744,341770.3101,3275028.46,1759936.143,1154839.938,836126.0191,642081.1712,414425.5872,341379.9444,2475179.489,1439726.432,988899.907,735157.4959,572503.9045,374763.2195,341001.491,,,400137271,0.652081,0.349928,0.397225,0.423038,0.291183,0.380223,0.435959,,,400137271,0.667222,679838.2,452983.2,377955.2,700000.8,511439.3,342344
400137271,3.214367347,0.139784272,0.242722059,0.350071856,0.464041881,0.581830281,0.824523939,0.999998517,0.165738337,0.279144678,0.396550191,0.518045371,0.643084579,0.891947441,0.999997784,0.182348053,0.301164403,0.42370189,0.548554267,0.674436302,0.926047163,0.999998519,0.085320645,0.182884504,0.291181305,0.404801134,0.521168167,0.761958337,0.999997494,0.145557772,0.260730987,0.379610989,0.502263456,0.625522053,0.871997742,0.999993428,0.190081609,0.312711216,0.43643678,0.55939524,0.687471894,0.934701305,0.999992798,,,400137271,3.214367347,3421981.317,1907264.395,1273100.507,919679.884,703069.9784,451021.2558,344965.1257,2852780.168,1637544.793,1104055.572,809623.0497,622185.0327,404070.11,344610.7717,2584989.609,1504241.761,1024572.336,755314.7185,584985.3078,383217.2162,345090.0202,5000004.176,2578942.277,1561150.84,1080065.682,802185.8792,501135.3793,344016.9402,3280156.412,1762981.181,1160194.76,840542.9521,645063.4613,417781.4962,345360.5961,2474032.52,1444383.16,989720.8387,737404.2621,573813.2948,379510.5926,343254.1579,,,400137271,0.667222,0.349919,0.39739,0.423674,0.290464,0.379996,0.436068,,,400137271,0.682364,696335.5,472804.1,395290.8,700000.2,531113.7,360483.8
400137271,3.28577551,0.139765987,0.241929134,0.35041663,0.464052667,0.582653869,0.824248554,0.999999323,0.165825962,0.278661764,0.397333377,0.520708334,0.643409695,0.893777517,0.999999325,0.182198712,0.300674907,0.423307912,0.547716204,0.67501046,0.929217131,0.999993288,0.085116508,0.182556597,0.290535023,0.404793456,0.521687849,0.759122096,0.999999324,0.145484947,0.260505986,0.380561322,0.502268573,0.625498448,0.872497134,0.999997738,0.189932109,0.312694595,0.436237404,0.5610179,0.6849615,0.935871523,0.999998366,,,400137271,3.28577551,3422706.576,1915239.787,1275641.065,924135.0744,705933.5555,454495.6613,347857.958,2860124.042,1641117.356,1106196.703,810148.1513,625182.3794,406850.7854,348925.1378,2587303.189,1509854.696,1028295.14,760981.5689,589745.1571,386178.135,347525.5834,5000002.815,2581976.854,1567216.65,1083899.823,808094.8695,505306.0578,347534.7393,3282246.813,1765140.416,1163650.265,843008.1745,648071.1808,421561.969,347646.1347,2480081.016,1447171.185,995605.5358,737241.5259,576802.2169,381852.0884,348444.8316,,,400137271,0.682364,0.350301,0.397294,0.423745,0.291018,0.380591,0.436356,,,400137271,0.697505,700000.2,493036.7,414617.6,700000.2,546300.1,379635.1
400137271,3.357183674,0.139947158,0.2421117,0.350690156,0.465397902,0.582500092,0.825103783,0.999993805,0.165928389,0.27865242,0.397371476,0.520583071,0.641963055,0.89430025,0.999999323,0.182669054,0.300297403,0.424319843,0.549295838,0.674767804,0.928232418,0.999987848,0.085054898,0.182895991,0.291253026,0.404928099,0.522489904,0.760006934,0.99999684,0.145537597,0.261200204,0.380931677,0.500764414,0.625420775,0.870701087,0.999987668,0.190080426,0.313144457,0.435432673,0.560221338,0.68519818,0.936951945,0.999994977,,,400137271,3.357183674,3426574.619,1914837.085,1277779.446,925627.0521,709193.6495,458206.1397,350943.0543,2863950.957,1646043.768,1110711.86,813682.9479,630417.3335,409285.6682,351079.2363,2587701.364,1512137.111,1029853.846,761893.561,591519.0559,389161.8737,351170.4493,5000002.341,2584890.643,1570176.497,1086305.887,808622.8258,508218.9503,351024.036,3287049.302,1766469.066,1165599.741,848180.0291,651505.9466,424195.861,350221.3891,2482072.401,1449185.814,997005.8367,742963.1774,580350.6818,384508.0528,350784.5907,,,400137271,0.697505,0.350281,0.397055,0.423176,0.290889,0.38003,0.436617,,,400137271,0.712646,700000.2,508728.3,433503.6,700000.2,565299.2,395590.9
400137271,3.428591837,0.139535079,0.242458015,0.350746595,0.46463711,0.581425294,0.823407446,0.999999324,0.165550978,0.279434849,0.398169788,0.520181422,0.641834458,0.894201076,0.999999192,0.182721712,0.301481968,0.423081992,0.550339137,0.674924708,0.927507094,0.999983242,0.085280377,0.183102931,0.291270655,0.404745791,0.520445383,0.762176119,0.999994274,0.145443917,0.260201041,0.380482488,0.501120523,0.623452474,0.8724475,0.99999543,0.190248006,0.311904089,0.435641206,0.559804261,0.683990722,0.934527624,0.999990037,,,400137271,3.428591837,3432772.943,1919526.085,1279430.395,930064.3682,712788.11,461636.7084,354085.8397,2869570.493,1643801.061,1110896.708,816193.0701,632239.5295,412714.5464,354029.9812,2589871.454,1514805.807,1035551.907,764267.6369,594750.3058,392898.8132,353506.3288,5000003.814,2588237.37,1571112.695,1088702.562,813765.4703,511148.4452,354262.9447,3290392.466,1773520.33,1168757.007,849842.7497,655040.2164,426960.7125,353783.0042,2481966.063,1458710.022,1000807.752,746898.4082,584641.0137,388928.0661,354500.0064,,,400137271,0.712646,0.350239,0.397344,0.423877,0.290645,0.380448,0.435554,,,400137271,0.727788,700000.3,525353.5,446425.1,700000.1,581447.8,415739.3
400137271,3.5,0.139637152,0.241768517,0.350274498,0.465542633,0.583686163,0.825252255,0.999997315,0.165838957,0.278898309,0.396990464,0.51873567,0.642128774,0.893724758,0.999997722,0.181921413,0.301364985,0.42389019,0.549278328,0.675095482,0.929485379,0.999996305,0.085308351,0.182832926,0.291221328,0.404928829,0.520727219,0.760581965,0.999988461,0.145349616,0.260916159,0.37981865,0.501273845,0.62588709,0.873011396,0.999997234,0.19001068,0.312660098,0.43639717,0.561317351,0.687244625,0.934496553,0.999996805,,,400137271,3.5,3433910.578,1924024.719,1284278.745,931337.1111,713638.6742,463845.7011,356688.534,2871333.785,1647594.103,1114805.105,820461.9716,635667.8843,416860.4659,357442.6407,2600117.904,1517309.915,1038059.792,769288.5082,597542.9301,394841.047,357031.3613,5000000.815,2589764.749,1572537.011,1092241.991,816614.5863,515305.098,358541.4675,3294405.057,1773773.093,1172039.102,853625.5589,656517.4724,429561.4265,357981.9242,2484937.944,1457100.927,1004113.671,748635.8373,587221.5326,392048.1742,357549.8002,,,400137271,0.727788,0.35043,0.397071,0.423783,0.291205,0.380254,0.436506,,,400137271,0.742929,700000.2,541210.1,461068.4,700000.5,597238.4,428307.4
,,,,,,,,,,,,,,,,,,,,,,,,,,,,,,,,,,,,,,,,,,,,,,,,,,,,,,,,,,,,,,,,,,,,,,,,,,,,,,,,,,,,,,,,,,,,400137271,0.742929,0.350336,0.397094,0.423896,0.290698,0.380002,0.436052,,,400137271,0.758071,700000.7,557977.6,477176.4,700001,615267.7,445337.8
,,,,,,,,,,,,,,,,,,,,,,,,,,,,,,,,,,,,,,,,,,,,,,,,,,,,,,,,,,,,,,,,,,,,,,,,,,,,,,,,,,,,,,,,,,,,400137271,0.758071,0.350531,0.397433,0.422807,0.291004,0.380089,0.436587,,,400137271,0.773212,700000.7,570210.8,495624.4,700000.4,629757.4,458226.8
,,,,,,,,,,,,,,,,,,,,,,,,,,,,,,,,,,,,,,,,,,,,,,,,,,,,,,,,,,,,,,,,,,,,,,,,,,,,,,,,,,,,,,,,,,,,400137271,0.773212,0.350144,0.397448,0.423523,0.291112,0.380358,0.43614,,,400137271,0.788354,700000.7,584023.1,508774.4,700000.4,641272.8,471209.4
,,,,,,,,,,,,,,,,,,,,,,,,,,,,,,,,,,,,,,,,,,,,,,,,,,,,,,,,,,,,,,,,,,,,,,,,,,,,,,,,,,,,,,,,,,,,400137271,0.788354,0.34984,0.397887,0.423143,0.290732,0.380273,0.43575,,,400137271,0.803495,700000.7,595883.8,520922.7,700000.3,654902.9,486405.4
,,,,,,,,,,,,,,,,,,,,,,,,,,,,,,,,,,,,,,,,,,,,,,,,,,,,,,,,,,,,,,,,,,,,,,,,,,,,,,,,,,,,,,,,,,,,400137271,0.803495,0.349621,0.397468,0.423983,0.290392,0.379932,0.436647,,,400137271,0.818636,700000,611596.4,533271.6,700000.6,669176.1,498781.3
,,,,,,,,,,,,,,,,,,,,,,,,,,,,,,,,,,,,,,,,,,,,,,,,,,,,,,,,,,,,,,,,,,,,,,,,,,,,,,,,,,,,,,,,,,,,400137271,0.818636,0.350397,0.397568,0.423568,0.291082,0.37989,0.435748,,,400137271,0.833778,700000.7,622149.2,547121.1,700000.7,680945.6,512588.7
,,,,,,,,,,,,,,,,,,,,,,,,,,,,,,,,,,,,,,,,,,,,,,,,,,,,,,,,,,,,,,,,,,,,,,,,,,,,,,,,,,,,,,,,,,,,400137271,0.833778,0.35016,0.397585,0.424098,0.291188,0.379676,0.436468,,,400137271,0.848919,700000.3,634779.1,557507.4,700001,694609.9,522962.4
,,,,,,,,,,,,,,,,,,,,,,,,,,,,,,,,,,,,,,,,,,,,,,,,,,,,,,,,,,,,,,,,,,,,,,,,,,,,,,,,,,,,,,,,,,,,400137271,0.848919,0.349829,0.397194,0.424585,0.290798,0.380378,0.436239,,,400137271,0.864061,700000.6,648100.8,565964.5,700000.6,700000.3,535388.1
,,,,,,,,,,,,,,,,,,,,,,,,,,,,,,,,,,,,,,,,,,,,,,,,,,,,,,,,,,,,,,,,,,,,,,,,,,,,,,,,,,,,,,,,,,,,400137271,0.864061,0.350537,0.397197,0.423584,0.290634,0.38006,0.436013,,,400137271,0.879202,700000.5,657812.3,581000.1,700000.2,700000.3,546268.9
,,,,,,,,,,,,,,,,,,,,,,,,,,,,,,,,,,,,,,,,,,,,,,,,,,,,,,,,,,,,,,,,,,,,,,,,,,,,,,,,,,,,,,,,,,,,400137271,0.879202,0.350259,0.397608,0.423249,0.291132,0.380727,0.436178,,,400137271,0.894343,700000.2,667945.8,593193.8,700000.6,700000.2,557600.8
,,,,,,,,,,,,,,,,,,,,,,,,,,,,,,,,,,,,,,,,,,,,,,,,,,,,,,,,,,,,,,,,,,,,,,,,,,,,,,,,,,,,,,,,,,,,400137271,0.894343,0.349766,0.396859,0.42347,0.290791,0.380268,0.435731,,,400137271,0.909485,700000.7,680491.7,602063.5,700000.1,700000.3,569397.7
,,,,,,,,,,,,,,,,,,,,,,,,,,,,,,,,,,,,,,,,,,,,,,,,,,,,,,,,,,,,,,,,,,,,,,,,,,,,,,,,,,,,,,,,,,,,400137271,0.909485,0.350102,0.397039,0.423917,0.291055,0.380322,0.435339,,,400137271,0.924626,700000.7,690755,610823.2,700000.3,700000.6,580741.2
,,,,,,,,,,,,,,,,,,,,,,,,,,,,,,,,,,,,,,,,,,,,,,,,,,,,,,,,,,,,,,,,,,,,,,,,,,,,,,,,,,,,,,,,,,,,400137271,0.924626,0.350566,0.39694,0.422966,0.290852,0.380469,0.43543,,,400137271,0.939768,700000.7,699983,623267.8,700000.5,700000.7,589110.1
,,,,,,,,,,,,,,,,,,,,,,,,,,,,,,,,,,,,,,,,,,,,,,,,,,,,,,,,,,,,,,,,,,,,,,,,,,,,,,,,,,,,,,,,,,,,400137271,0.939768,0.350148,0.397714,0.423842,0.290979,0.380027,0.435342,,,400137271,0.954909,700000.5,700000.4,630683.8,700000.8,700000.5,599175.6
,,,,,,,,,,,,,,,,,,,,,,,,,,,,,,,,,,,,,,,,,,,,,,,,,,,,,,,,,,,,,,,,,,,,,,,,,,,,,,,,,,,,,,,,,,,,400137271,0.954909,0.350121,0.397303,0.423449,0.291253,0.379805,0.435633,,,400137271,0.970051,700000.2,700000.2,638727.1,700001,700000.1,606901.4
,,,,,,,,,,,,,,,,,,,,,,,,,,,,,,,,,,,,,,,,,,,,,,,,,,,,,,,,,,,,,,,,,,,,,,,,,,,,,,,,,,,,,,,,,,,,400137271,0.970051,0.350118,0.397449,0.423899,0.291111,0.380439,0.436207,,,400137271,0.985192,700000.1,700000.1,646637.3,700000.7,700000.2,612676
,,,,,,,,,,,,,,,,,,,,,,,,,,,,,,,,,,,,,,,,,,,,,,,,,,,,,,,,,,,,,,,,,,,,,,,,,,,,,,,,,,,,,,,,,,,,400137271,0.985192,0.350378,0.397002,0.423918,0.291151,0.380586,0.436034,,,400137271,1.000333,700000,700000.7,655582.2,700000.4,700000.6,623223.7
,,,,,,,,,,,,,,,,,,,,,,,,,,,,,,,,,,,,,,,,,,,,,,,,,,,,,,,,,,,,,,,,,,,,,,,,,,,,,,,,,,,,,,,,,,,,400137271,1.000333,0.350143,0.396947,0.424343,0.291208,0.380231,0.435964,,,400137271,1.015475,700000.5,700000.7,662195.4,700000.3,700000.7,630708.6
,,,,,,,,,,,,,,,,,,,,,,,,,,,,,,,,,,,,,,,,,,,,,,,,,,,,,,,,,,,,,,,,,,,,,,,,,,,,,,,,,,,,,,,,,,,,400137271,1.015475,0.350313,0.396715,0.423909,0.290992,0.380689,0.435673,,,400137271,1.030616,700000.1,700000.3,672382,700000.8,700000.6,639283.7
,,,,,,,,,,,,,,,,,,,,,,,,,,,,,,,,,,,,,,,,,,,,,,,,,,,,,,,,,,,,,,,,,,,,,,,,,,,,,,,,,,,,,,,,,,,,400137271,1.030616,0.350538,0.397372,0.423366,0.291015,0.380387,0.435636,,,400137271,1.045758,700000.4,700000.2,680928.8,700000.4,700000.7,648298.7
,,,,,,,,,,,,,,,,,,,,,,,,,,,,,,,,,,,,,,,,,,,,,,,,,,,,,,,,,,,,,,,,,,,,,,,,,,,,,,,,,,,,,,,,,,,,400137271,1.045758,0.350105,0.397232,0.423636,0.290782,0.380212,0.436135,,,400137271,1.060899,700000.1,700000.6,687070.9,700001,700000.2,652626.6
,,,,,,,,,,,,,,,,,,,,,,,,,,,,,,,,,,,,,,,,,,,,,,,,,,,,,,,,,,,,,,,,,,,,,,,,,,,,,,,,,,,,,,,,,,,,400137271,1.060899,0.350178,0.397489,0.423447,0.290445,0.379814,0.435971,,,400137271,1.07604,700000.7,700000.3,694297.9,700000.7,700000.2,663616.1
,,,,,,,,,,,,,,,,,,,,,,,,,,,,,,,,,,,,,,,,,,,,,,,,,,,,,,,,,,,,,,,,,,,,,,,,,,,,,,,,,,,,,,,,,,,,400137271,1.07604,0.349815,0.397175,0.423513,0.290997,0.380413,0.436543,,,400137271,1.091182,700000.3,700000.2,700000.4,700000.9,700000.5,666828.1
,,,,,,,,,,,,,,,,,,,,,,,,,,,,,,,,,,,,,,,,,,,,,,,,,,,,,,,,,,,,,,,,,,,,,,,,,,,,,,,,,,,,,,,,,,,,400137271,1.091182,0.350122,0.397011,0.423679,0.290914,0.380216,0.436015,,,400137271,1.106323,700000.6,700000,700000.2,700000.3,700000.8,673590.8
,,,,,,,,,,,,,,,,,,,,,,,,,,,,,,,,,,,,,,,,,,,,,,,,,,,,,,,,,,,,,,,,,,,,,,,,,,,,,,,,,,,,,,,,,,,,400137271,1.106323,0.350039,0.397123,0.424115,0.291284,0.380041,0.43638,,,400137271,1.121465,700000.1,700000.6,700000.6,700001,700000.6,680312.5
,,,,,,,,,,,,,,,,,,,,,,,,,,,,,,,,,,,,,,,,,,,,,,,,,,,,,,,,,,,,,,,,,,,,,,,,,,,,,,,,,,,,,,,,,,,,400137271,1.121465,0.350176,0.397304,0.423483,0.29123,0.380294,0.436394,,,400137271,1.136606,700000.8,700000.2,700000.6,700000.9,700000,687551.6
,,,,,,,,,,,,,,,,,,,,,,,,,,,,,,,,,,,,,,,,,,,,,,,,,,,,,,,,,,,,,,,,,,,,,,,,,,,,,,,,,,,,,,,,,,,,400137271,1.136606,0.350249,0.397664,0.423041,0.290883,0.380617,0.435782,,,400137271,1.151747,700000,700000.7,700000.1,700000.4,700000,693711
,,,,,,,,,,,,,,,,,,,,,,,,,,,,,,,,,,,,,,,,,,,,,,,,,,,,,,,,,,,,,,,,,,,,,,,,,,,,,,,,,,,,,,,,,,,,400137271,1.151747,0.350662,0.396559,0.423703,0.290791,0.381068,0.436433,,,400137271,1.166889,700000.1,700000.8,700000.1,700000.4,700000.1,699585.3
,,,,,,,,,,,,,,,,,,,,,,,,,,,,,,,,,,,,,,,,,,,,,,,,,,,,,,,,,,,,,,,,,,,,,,,,,,,,,,,,,,,,,,,,,,,,400137271,1.166889,0.350322,0.396768,0.423962,0.291166,0.380135,0.436172,,,400137271,1.18203,700000.9,700000.8,700000.3,700001.1,700000.8,700000.2
,,,,,,,,,,,,,,,,,,,,,,,,,,,,,,,,,,,,,,,,,,,,,,,,,,,,,,,,,,,,,,,,,,,,,,,,,,,,,,,,,,,,,,,,,,,,400137271,1.18203,0.35023,0.397809,0.423404,0.290504,0.380303,0.435606,,,400137271,1.197172,700000.9,700000.2,700000.3,700000.8,700000.8,700000.4
,,,,,,,,,,,,,,,,,,,,,,,,,,,,,,,,,,,,,,,,,,,,,,,,,,,,,,,,,,,,,,,,,,,,,,,,,,,,,,,,,,,,,,,,,,,,400137271,1.197172,0.349899,0.397133,0.423509,0.291187,0.380167,0.43648,,,400137271,1.212313,700000.8,700000.7,700000.3,700000.6,700000.8,700000.3
,,,,,,,,,,,,,,,,,,,,,,,,,,,,,,,,,,,,,,,,,,,,,,,,,,,,,,,,,,,,,,,,,,,,,,,,,,,,,,,,,,,,,,,,,,,,400137271,1.212313,0.349996,0.3972,0.424366,0.290871,0.380482,0.435828,,,400137271,1.227455,700000.2,700000.3,700000.3,700000.5,700000.5,700000.4
,,,,,,,,,,,,,,,,,,,,,,,,,,,,,,,,,,,,,,,,,,,,,,,,,,,,,,,,,,,,,,,,,,,,,,,,,,,,,,,,,,,,,,,,,,,,400137271,1.227455,0.350365,0.3968,0.423312,0.290917,0.379911,0.435662,,,400137271,1.242596,700000.6,700000.4,700000.1,700000.8,700000.9,700000.2
,,,,,,,,,,,,,,,,,,,,,,,,,,,,,,,,,,,,,,,,,,,,,,,,,,,,,,,,,,,,,,,,,,,,,,,,,,,,,,,,,,,,,,,,,,,,400137271,1.242596,0.349996,0.397352,0.423835,0.290516,0.379983,0.435516,,,400137271,1.257737,700000.7,700000.8,700000.3,700000.2,700000.3,700000.7
,,,,,,,,,,,,,,,,,,,,,,,,,,,,,,,,,,,,,,,,,,,,,,,,,,,,,,,,,,,,,,,,,,,,,,,,,,,,,,,,,,,,,,,,,,,,400137271,1.257737,0.349918,0.397377,0.423043,0.291249,0.380308,0.436094,,,400137271,1.272879,700000.9,700000.1,700000.1,700000.7,700000.3,700000.4
,,,,,,,,,,,,,,,,,,,,,,,,,,,,,,,,,,,,,,,,,,,,,,,,,,,,,,,,,,,,,,,,,,,,,,,,,,,,,,,,,,,,,,,,,,,,400137271,1.272879,0.350239,0.397958,0.423399,0.291508,0.379928,0.436353,,,400137271,1.28802,700000.1,700000.8,700000.3,700000.1,700000.6,700000.3
,,,,,,,,,,,,,,,,,,,,,,,,,,,,,,,,,,,,,,,,,,,,,,,,,,,,,,,,,,,,,,,,,,,,,,,,,,,,,,,,,,,,,,,,,,,,400137271,1.28802,0.349812,0.397004,0.424084,0.291172,0.380335,0.436205,,,400137271,1.303162,700000.8,700000.5,700000.2,700001.3,700000.8,700000
,,,,,,,,,,,,,,,,,,,,,,,,,,,,,,,,,,,,,,,,,,,,,,,,,,,,,,,,,,,,,,,,,,,,,,,,,,,,,,,,,,,,,,,,,,,,400137271,1.303162,0.35028,0.397774,0.422989,0.290692,0.380255,0.435822,,,400137271,1.318303,700000.1,700000.3,700000.3,700000.6,700000.3,700000.4
,,,,,,,,,,,,,,,,,,,,,,,,,,,,,,,,,,,,,,,,,,,,,,,,,,,,,,,,,,,,,,,,,,,,,,,,,,,,,,,,,,,,,,,,,,,,400137271,1.318303,0.350112,0.39737,0.423788,0.290826,0.380181,0.435624,,,400137271,1.333444,700000.5,700000.7,700000.2,700000.8,700000.2,700000.7
,,,,,,,,,,,,,,,,,,,,,,,,,,,,,,,,,,,,,,,,,,,,,,,,,,,,,,,,,,,,,,,,,,,,,,,,,,,,,,,,,,,,,,,,,,,,400137271,1.333444,0.349857,0.397701,0.423603,0.291104,0.38054,0.435827,,,400137271,1.348586,700000.1,700000.4,700000.6,700001,700000.7,700000.7
,,,,,,,,,,,,,,,,,,,,,,,,,,,,,,,,,,,,,,,,,,,,,,,,,,,,,,,,,,,,,,,,,,,,,,,,,,,,,,,,,,,,,,,,,,,,400137271,1.348586,0.350208,0.397562,0.423072,0.29032,0.380165,0.435811,,,400137271,1.363727,700000.9,700000.1,700000.7,700001.1,700000,700000.2
,,,,,,,,,,,,,,,,,,,,,,,,,,,,,,,,,,,,,,,,,,,,,,,,,,,,,,,,,,,,,,,,,,,,,,,,,,,,,,,,,,,,,,,,,,,,400137271,1.363727,0.350559,0.396922,0.424511,0.291241,0.380308,0.436198,,,400137271,1.378869,700000.9,700000.1,700000.3,700000.5,700000.8,700000.7
,,,,,,,,,,,,,,,,,,,,,,,,,,,,,,,,,,,,,,,,,,,,,,,,,,,,,,,,,,,,,,,,,,,,,,,,,,,,,,,,,,,,,,,,,,,,400137271,1.378869,0.350359,0.397367,0.423436,0.290728,0.380515,0.43592,,,400137271,1.39401,700000.5,700000.5,700000.1,700000.9,700000.6,700000.6
,,,,,,,,,,,,,,,,,,,,,,,,,,,,,,,,,,,,,,,,,,,,,,,,,,,,,,,,,,,,,,,,,,,,,,,,,,,,,,,,,,,,,,,,,,,,400137271,1.39401,0.349785,0.397909,0.423302,0.291317,0.380832,0.436776,,,400137271,1.409152,700000.6,700000.5,700000.4,700000.6,700000.6,700000.5
,,,,,,,,,,,,,,,,,,,,,,,,,,,,,,,,,,,,,,,,,,,,,,,,,,,,,,,,,,,,,,,,,,,,,,,,,,,,,,,,,,,,,,,,,,,,400137271,1.409152,0.350172,0.39729,0.423109,0.290705,0.380841,0.43663,,,400137271,1.424293,700000.2,700000.5,700000,700000.2,700000.5,700000.4
,,,,,,,,,,,,,,,,,,,,,,,,,,,,,,,,,,,,,,,,,,,,,,,,,,,,,,,,,,,,,,,,,,,,,,,,,,,,,,,,,,,,,,,,,,,,400137271,1.424293,0.350236,0.397413,0.423463,0.290661,0.379788,0.436054,,,400137271,1.439434,700000.6,700000.4,700000.8,700000.5,700000.7,700000.4
,,,,,,,,,,,,,,,,,,,,,,,,,,,,,,,,,,,,,,,,,,,,,,,,,,,,,,,,,,,,,,,,,,,,,,,,,,,,,,,,,,,,,,,,,,,,400137271,1.439434,0.349976,0.396829,0.423019,0.291203,0.380333,0.436606,,,400137271,1.454576,700000.6,700000.8,700000.7,700001,700000.5,700000.6
,,,,,,,,,,,,,,,,,,,,,,,,,,,,,,,,,,,,,,,,,,,,,,,,,,,,,,,,,,,,,,,,,,,,,,,,,,,,,,,,,,,,,,,,,,,,400137271,1.454576,0.35045,0.397231,0.423276,0.290992,0.380462,0.436625,,,400137271,1.469717,700000.9,700000.3,700000.3,700000.9,700000.4,700000.3
,,,,,,,,,,,,,,,,,,,,,,,,,,,,,,,,,,,,,,,,,,,,,,,,,,,,,,,,,,,,,,,,,,,,,,,,,,,,,,,,,,,,,,,,,,,,400137271,1.469717,0.350282,0.397451,0.42379,0.290888,0.380452,0.43582,,,400137271,1.484859,700001,700000.8,700000.2,700001.3,700000.8,700000.5
,,,,,,,,,,,,,,,,,,,,,,,,,,,,,,,,,,,,,,,,,,,,,,,,,,,,,,,,,,,,,,,,,,,,,,,,,,,,,,,,,,,,,,,,,,,,400137271,1.484859,0.349907,0.39766,0.42344,0.291448,0.380026,0.435893,,,400137271,1.5,700000.6,700000.3,700000.1,700001.3,700000.6,700000.6
,,,,,,,,,,,,,,,,,,,,,,,,,,,,,,,,,,,,,,,,,,,,,,,,,,,,,,,,,,,,,,,,,,,,,,,,,,,,,,,,,,,,,,,,,,,,400137271,1.5,,0.397459,0.423648,0.291298,0.380532,0.436455,,,400137271,,,700000.3,700000.8,700001.1,700000.7,700000.2
,,,,,,,,,,,,,,,,,,,,,,,,,,,,,,,,,,,,,,,,,,,,,,,,,,,,,,,,,,,,,,,,,,,,,,,,,,,,,,,,,,,,,,,,,,,,400137271,,,0.397609,0.423893,0.290741,0.379927,0.436218,,,400137271,,,700000,700000.3,700000.1,700000.9,700000.6
,,,,,,,,,,,,,,,,,,,,,,,,,,,,,,,,,,,,,,,,,,,,,,,,,,,,,,,,,,,,,,,,,,,,,,,,,,,,,,,,,,,,,,,,,,,,400137271,,,0.396713,0.423085,0.291244,0.38019,0.435503,,,400137271,,,700000.8,700000.7,700001,700000.2,700000.7
,,,,,,,,,,,,,,,,,,,,,,,,,,,,,,,,,,,,,,,,,,,,,,,,,,,,,,,,,,,,,,,,,,,,,,,,,,,,,,,,,,,,,,,,,,,,,,,,,,,,,,,,,,,400000.7,400000.1,
,,,,,,,,,,,,,,,,,,,,,,,,,,,,,,,,,,,,,,,,,,,,,,,,,,,,,,,,,,,,,,,,,,,,,,,,,,,,,,,,,,,,,,,,,,,,,,,,,,,,,,,,,,,400001.4,400000.1,
,,,,,,,,,,,,,,,,,,,,,,,,,,,,,,,,,,,,,,,,,,,,,,,,,,,,,,,,,,,,,,,,,,,,,,,,,,,,,,,,,,,,,,,,,,,,,,,,,,,,,,,,,,,400000.9,400000,
,,,,,,,,,,,,,,,,,,,,,,,,,,,,,,,,,,,,,,,,,,,,,,,,,,,,,,,,,,,,,,,,,,,,,,,,,,,,,,,,,,,,,,,,,,,,,,,,,,,,,,,,,,,400001.1,400000.1,
,,,,,,,,,,,,,,,,,,,,,,,,,,,,,,,,,,,,,,,,,,,,,,,,,,,,,,,,,,,,,,,,,,,,,,,,,,,,,,,,,,,,,,,,,,,,,,,,,,,,,,,,,,,400000.4,400000.1,
,,,,,,,,,,,,,,,,,,,,,,,,,,,,,,,,,,,,,,,,,,,,,,,,,,,,,,,,,,,,,,,,,,,,,,,,,,,,,,,,,,,,,,,,,,,,,,,,,,,,,,,,,,,400000.7,400000.1,
,,,,,,,,,,,,,,,,,,,,,,,,,,,,,,,,,,,,,,,,,,,,,,,,,,,,,,,,,,,,,,,,,,,,,,,,,,,,,,,,,,,,,,,,,,,,,,,,,,,,,,,,,,,400000.6,400000.2,
,,,,,,,,,,,,,,,,,,,,,,,,,,,,,,,,,,,,,,,,,,,,,,,,,,,,,,,,,,,,,,,,,,,,,,,,,,,,,,,,,,,,,,,,,,,,,,,,,,,,,,,,,,,400001.3,400000.1,
,,,,,,,,,,,,,,,,,,,,,,,,,,,,,,,,,,,,,,,,,,,,,,,,,,,,,,,,,,,,,,,,,,,,,,,,,,,,,,,,,,,,,,,,,,,,,,,,,,,,,,,,,,,400001.2,400000.2,
,,,,,,,,,,,,,,,,,,,,,,,,,,,,,,,,,,,,,,,,,,,,,,,,,,,,,,,,,,,,,,,,,,,,,,,,,,,,,,,,,,,,,,,,,,,,,,,,,,,,,,,,,,,400001.2,400000.2,
,,,,,,,,,,,,,,,,,,,,,,,,,,,,,,,,,,,,,,,,,,,,,,,,,,,,,,,,,,,,,,,,,,,,,,,,,,,,,,,,,,,,,,,,,,,,,,,,,,,,,,,,,,,400000.1,400000,
,,,,,,,,,,,,,,,,,,,,,,,,,,,,,,,,,,,,,,,,,,,,,,,,,,,,,,,,,,,,,,,,,,,,,,,,,,,,,,,,,,,,,,,,,,,,,,,,,,,,,,,,,,,400000.7,400000.1,
,,,,,,,,,,,,,,,,,,,,,,,,,,,,,,,,,,,,,,,,,,,,,,,,,,,,,,,,,,,,,,,,,,,,,,,,,,,,,,,,,,,,,,,,,,,,,,,,,,,,,,,,,,,400000.2,400000.3,
,,,,,,,,,,,,,,,,,,,,,,,,,,,,,,,,,,,,,,,,,,,,,,,,,,,,,,,,,,,,,,,,,,,,,,,,,,,,,,,,,,,,,,,,,,,,,,,,,,,,,,,,,,,400000.8,400000.1,
,,,,,,,,,,,,,,,,,,,,,,,,,,,,,,,,,,,,,,,,,,,,,,,,,,,,,,,,,,,,,,,,,,,,,,,,,,,,,,,,,,,,,,,,,,,,,,,,,,,,,,,,,,,400001.4,400000,
,,,,,,,,,,,,,,,,,,,,,,,,,,,,,,,,,,,,,,,,,,,,,,,,,,,,,,,,,,,,,,,,,,,,,,,,,,,,,,,,,,,,,,,,,,,,,,,,,,,,,,,,,,,400000.3,400000.3,
,,,,,,,,,,,,,,,,,,,,,,,,,,,,,,,,,,,,,,,,,,,,,,,,,,,,,,,,,,,,,,,,,,,,,,,,,,,,,,,,,,,,,,,,,,,,,,,,,,,,,,,,,,,400000.4,400000.2,
,,,,,,,,,,,,,,,,,,,,,,,,,,,,,,,,,,,,,,,,,,,,,,,,,,,,,,,,,,,,,,,,,,,,,,,,,,,,,,,,,,,,,,,,,,,,,,,,,,,,,,,,,,,400000.3,400000.2,
,,,,,,,,,,,,,,,,,,,,,,,,,,,,,,,,,,,,,,,,,,,,,,,,,,,,,,,,,,,,,,,,,,,,,,,,,,,,,,,,,,,,,,,,,,,,,,,,,,,,,,,,,,,400001.4,400000.2,
,,,,,,,,,,,,,,,,,,,,,,,,,,,,,,,,,,,,,,,,,,,,,,,,,,,,,,,,,,,,,,,,,,,,,,,,,,,,,,,,,,,,,,,,,,,,,,,,,,,,,,,,,,,400001.2,400000.1,
,,,,,,,,,,,,,,,,,,,,,,,,,,,,,,,,,,,,,,,,,,,,,,,,,,,,,,,,,,,,,,,,,,,,,,,,,,,,,,,,,,,,,,,,,,,,,,,,,,,,,,,,,,,400000.4,400000.2,
,,,,,,,,,,,,,,,,,,,,,,,,,,,,,,,,,,,,,,,,,,,,,,,,,,,,,,,,,,,,,,,,,,,,,,,,,,,,,,,,,,,,,,,,,,,,,,,,,,,,,,,,,,,400000.4,400000.4,
,,,,,,,,,,,,,,,,,,,,,,,,,,,,,,,,,,,,,,,,,,,,,,,,,,,,,,,,,,,,,,,,,,,,,,,,,,,,,,,,,,,,,,,,,,,,,,,,,,,,,,,,,,,400001.1,400000.2,
,,,,,,,,,,,,,,,,,,,,,,,,,,,,,,,,,,,,,,,,,,,,,,,,,,,,,,,,,,,,,,,,,,,,,,,,,,,,,,,,,,,,,,,,,,,,,,,,,,,,,,,,,,,400000.9,400000.2,
,,,,,,,,,,,,,,,,,,,,,,,,,,,,,,,,,,,,,,,,,,,,,,,,,,,,,,,,,,,,,,,,,,,,,,,,,,,,,,,,,,,,,,,,,,,,,,,,,,,,,,,,,,,400000.4,400000.3,
,,,,,,,,,,,,,,,,,,,,,,,,,,,,,,,,,,,,,,,,,,,,,,,,,,,,,,,,,,,,,,,,,,,,,,,,,,,,,,,,,,,,,,,,,,,,,,,,,,,,,,,,,,,400000.4,400000.1,
,,,,,,,,,,,,,,,,,,,,,,,,,,,,,,,,,,,,,,,,,,,,,,,,,,,,,,,,,,,,,,,,,,,,,,,,,,,,,,,,,,,,,,,,,,,,,,,,,,,,,,,,,,,400001,400000,
,,,,,,,,,,,,,,,,,,,,,,,,,,,,,,,,,,,,,,,,,,,,,,,,,,,,,,,,,,,,,,,,,,,,,,,,,,,,,,,,,,,,,,,,,,,,,,,,,,,,,,,,,,,400001.6,400000.1,
,,,,,,,,,,,,,,,,,,,,,,,,,,,,,,,,,,,,,,,,,,,,,,,,,,,,,,,,,,,,,,,,,,,,,,,,,,,,,,,,,,,,,,,,,,,,,,,,,,,,,,,,,,,400000.4,400000.3,
,,,,,,,,,,,,,,,,,,,,,,,,,,,,,,,,,,,,,,,,,,,,,,,,,,,,,,,,,,,,,,,,,,,,,,,,,,,,,,,,,,,,,,,,,,,,,,,,,,,,,,,,,,,400000.7,400000.1,
,,,,,,,,,,,,,,,,,,,,,,,,,,,,,,,,,,,,,,,,,,,,,,,,,,,,,,,,,,,,,,,,,,,,,,,,,,,,,,,,,,,,,,,,,,,,,,,,,,,,,,,,,,,400001.3,400000.1,
,,,,,,,,,,,,,,,,,,,,,,,,,,,,,,,,,,,,,,,,,,,,,,,,,,,,,,,,,,,,,,,,,,,,,,,,,,,,,,,,,,,,,,,,,,,,,,,,,,,,,,,,,,,400001,400000.2,
,,,,,,,,,,,,,,,,,,,,,,,,,,,,,,,,,,,,,,,,,,,,,,,,,,,,,,,,,,,,,,,,,,,,,,,,,,,,,,,,,,,,,,,,,,,,,,,,,,,,,,,,,,,400000.9,400000.4,
,,,,,,,,,,,,,,,,,,,,,,,,,,,,,,,,,,,,,,,,,,,,,,,,,,,,,,,,,,,,,,,,,,,,,,,,,,,,,,,,,,,,,,,,,,,,,,,,,,,,,,,,,,,400000.2,400000.5,
,,,,,,,,,,,,,,,,,,,,,,,,,,,,,,,,,,,,,,,,,,,,,,,,,,,,,,,,,,,,,,,,,,,,,,,,,,,,,,,,,,,,,,,,,,,,,,,,,,,,,,,,,,,400000.6,400000.5,
,,,,,,,,,,,,,,,,,,,,,,,,,,,,,,,,,,,,,,,,,,,,,,,,,,,,,,,,,,,,,,,,,,,,,,,,,,,,,,,,,,,,,,,,,,,,,,,,,,,,,,,,,,,400001,400000.2,
,,,,,,,,,,,,,,,,,,,,,,,,,,,,,,,,,,,,,,,,,,,,,,,,,,,,,,,,,,,,,,,,,,,,,,,,,,,,,,,,,,,,,,,,,,,,,,,,,,,,,,,,,,,400000.3,400000.3,
,,,,,,,,,,,,,,,,,,,,,,,,,,,,,,,,,,,,,,,,,,,,,,,,,,,,,,,,,,,,,,,,,,,,,,,,,,,,,,,,,,,,,,,,,,,,,,,,,,,,,,,,,,,400001.3,400000.3,
,,,,,,,,,,,,,,,,,,,,,,,,,,,,,,,,,,,,,,,,,,,,,,,,,,,,,,,,,,,,,,,,,,,,,,,,,,,,,,,,,,,,,,,,,,,,,,,,,,,,,,,,,,,400001.1,400000.5,
,,,,,,,,,,,,,,,,,,,,,,,,,,,,,,,,,,,,,,,,,,,,,,,,,,,,,,,,,,,,,,,,,,,,,,,,,,,,,,,,,,,,,,,,,,,,,,,,,,,,,,,,,,,400001.1,400000.4,
,,,,,,,,,,,,,,,,,,,,,,,,,,,,,,,,,,,,,,,,,,,,,,,,,,,,,,,,,,,,,,,,,,,,,,,,,,,,,,,,,,,,,,,,,,,,,,,,,,,,,,,,,,,400001,400000.1,
,,,,,,,,,,,,,,,,,,,,,,,,,,,,,,,,,,,,,,,,,,,,,,,,,,,,,,,,,,,,,,,,,,,,,,,,,,,,,,,,,,,,,,,,,,,,,,,,,,,,,,,,,,,400001.1,400000.4,
,,,,,,,,,,,,,,,,,,,,,,,,,,,,,,,,,,,,,,,,,,,,,,,,,,,,,,,,,,,,,,,,,,,,,,,,,,,,,,,,,,,,,,,,,,,,,,,,,,,,,,,,,,,400000.1,400000.6,
,,,,,,,,,,,,,,,,,,,,,,,,,,,,,,,,,,,,,,,,,,,,,,,,,,,,,,,,,,,,,,,,,,,,,,,,,,,,,,,,,,,,,,,,,,,,,,,,,,,,,,,,,,,400001.6,400000.2,
,,,,,,,,,,,,,,,,,,,,,,,,,,,,,,,,,,,,,,,,,,,,,,,,,,,,,,,,,,,,,,,,,,,,,,,,,,,,,,,,,,,,,,,,,,,,,,,,,,,,,,,,,,,400000.8,400000.2,
,,,,,,,,,,,,,,,,,,,,,,,,,,,,,,,,,,,,,,,,,,,,,,,,,,,,,,,,,,,,,,,,,,,,,,,,,,,,,,,,,,,,,,,,,,,,,,,,,,,,,,,,,,,400000.9,400000.4,
,,,,,,,,,,,,,,,,,,,,,,,,,,,,,,,,,,,,,,,,,,,,,,,,,,,,,,,,,,,,,,,,,,,,,,,,,,,,,,,,,,,,,,,,,,,,,,,,,,,,,,,,,,,400001.2,400000.2,
