Seed,arrival rate,"(3,5,1.00,0.50)","(3,5,1.00,0.75)","(3,5,1.00,1.00)","(3,5,1.00,1.25)","(3,5,1.00,1.50)","(3,5,1.00,2.00)","(3,5,1.00,3.00)","(5,5,1.00,0.50)","(5,5,1.00,0.75)","(5,5,1.00,1.00)","(5,5,1.00,1.25)","(5,5,1.00,1.50)","(5,5,1.00,2.00)","(5,5,1.00,3.00)","(7,5,1.00,0.50)","(7,5,1.00,0.75)","(7,5,1.00,1.00)","(7,5,1.00,1.25)","(7,5,1.00,1.50)","(7,5,1.00,2.00)","(7,5,1.00,3.00)","(5,10,1.00,0.50)","(5,10,1.00,0.75)","(5,10,1.00,1.00)","(5,10,1.00,1.25)","(5,10,1.00,1.50)","(5,10,1.00,2.00)","(5,10,1.00,3.00)","(10,10,1.00,0.50)","(10,10,1.00,0.75)","(10,10,1.00,1.00)","(10,10,1.00,1.25)","(10,10,1.00,1.50)","(10,10,1.00,2.00)","(10,10,1.00,3.00)","(20,10,1.00,0.50)","(20,10,1.00,0.75)","(20,10,1.00,1.00)","(20,10,1.00,1.25)","(20,10,1.00,1.50)","(20,10,1.00,2.00)","(20,10,1.00,3.00)"
400137271,0.0010000000,0.0010036231,0.0010028964,0.0010010486,0.0010013413,0.0010008123,0.0010005640,0.0010010640,0.0010020766,0.0010012009,0.0010011853,0.0009997547,0.0010000411,0.0010000623,0.0010009290,0.0010014927,0.0010021886,0.0010004222,0.0010004807,0.0009998446,0.0010000037,0.0010017160,0.0010024828,0.0010014799,0.0010013089,0.0010005561,0.0010008634,0.0010001847,0.0010008569,0.0010023818,0.0010015154,0.0010015195,0.0010006878,0.0010011090,0.0010006855,0.0010014047,0.0010018754,0.0010013173,0.0010014173,0.0010007465,0.0010003641,0.0010011080,0.0010009572
400137271,0.0724081633,0.0915346304,0.0814559499,0.0782297739,0.0766568838,0.0759334543,0.0748698629,0.0740050216,0.0870860464,0.0801935607,0.0777915948,0.0765933942,0.0756951278,0.0749307192,0.0739690059,0.0858021712,0.0798097204,0.0775629503,0.0764433692,0.0756213601,0.0747970065,0.0739385932,0.0898781390,0.0813484665,0.0785758214,0.0771644004,0.0761529350,0.0752089897,0.0741612484,0.0869961699,0.0805970356,0.0781566568,0.0769036807,0.0759701902,0.0750113776,0.0740427811,0.0855900743,0.0800411457,0.0780285211,0.0766872801,0.0759893456,0.0750140229,0.0740744260
400137271,0.1438163265,0.9076932376,0.1902975547,0.1716652794,0.1632284441,0.1588190237,0.1540360302,0.1503552314,0.2515055365,0.1831049870,0.1683740841,0.1618808045,0.1579076691,0.1536597811,0.1500481196,0.2302767845,0.1804903173,0.1674761743,0.1609734103,0.1574742392,0.1534967033,0.1501880095,1.3026851996,0.1913589974,0.1721916772,0.1644180724,0.1598163352,0.1552316703,0.1510373752,0.2452119661,0.1842843800,0.1704247271,0.1630306585,0.1593087325,0.1548486773,0.1509709660,0.2230067141,0.1813235019,0.1690940225,0.1625849069,0.1588547978,0.1544259802,0.1507973235
400137271,0.2152244898,0.9178544334,0.3848461263,0.2918889825,0.2652181965,0.2525999928,0.2394887208,0.2303315301,0.7443811546,0.3377664760,0.2812924631,0.2601870364,0.2502249780,0.2388793175,0.2298185429,0.6423323643,0.3235141440,0.2767001288,0.2589423347,0.2488448651,0.2381022254,0.2297719085,1.3047008470,1.5330803932,0.2942361996,0.2684727195,0.2553506650,0.2425231964,0.2318853500,0.8884277005,0.3420257583,0.2855857757,0.2650155444,0.2530936142,0.2411902566,0.2315379021,0.6067997380,0.3244507212,0.2808550467,0.2620779512,0.2520028726,0.2409845982,0.2312307083
400137271,0.2866326531,0.9180310277,1.1647045440,0.4708553197,0.3909958363,0.3609547371,0.3339703533,0.3136389133,0.7443938350,0.9336090675,0.4324434703,0.3789073840,0.3551269065,0.3312869677,0.3131324219,0.6424998458,0.6034255047,0.4188198674,0.3732962701,0.3517421153,0.3304000470,0.3128020952,1.3045314244,1.5663125513,0.4848740565,0.3993376536,0.3669297654,0.3387834239,0.3171068608,0.8887544678,1.0619331586,0.4450106286,0.3874174972,0.3610500824,0.3363174431,0.3165877307,0.6067636733,0.5729884899,0.4249322639,0.3808351315,0.3579220721,0.3348871654,0.3163107097
400137271,0.3580408163,0.9179953596,1.1648368716,1.3510186682,0.5604529431,0.4899708385,0.4381862381,0.4022353540,0.7443464132,0.9345327663,0.6790263090,0.5294751471,0.4761332365,0.4331483459,0.4015853540,0.6426081605,0.8089175301,0.6187346962,0.5143087035,0.4688598554,0.4303425557,0.4005581328,1.3045186253,1.5666866001,1.7771977250,0.5827302780,0.5039310517,0.4457776961,0.4079940594,0.8888077510,1.0617803732,0.7237625513,0.5467456786,0.4899691285,0.4421548898,0.4066316229,0.6069522889,0.7468288345,0.6160708509,0.5219889119,0.4784734608,0.4375654893,0.4056325265
400137271,0.4294489796,0.9179319153,1.1645578125,1.3752150570,0.8471365380,0.6575522294,0.5541822110,0.4967863970,0.7444095081,0.9347578866,1.1002439090,0.7257285914,0.6213104832,0.5451261445,0.4944725337,0.6425708221,0.8087670887,0.9581774593,0.6852186960,0.6068087034,0.5403470083,0.4933725333,1.3045747094,1.5667033698,1.7775104524,1.9080552587,0.6849381807,0.5697885215,0.5051214969,0.8885779491,1.0620833307,1.2137352368,0.7746556821,0.6460004208,0.5594830668,0.5019836619,0.6067645160,0.7470510483,0.8575670129,0.6882637611,0.6169546469,0.5516653674,0.5005265376
400137271,0.5008571429,0.9179306466,1.1645577049,1.3753482277,1.5574281177,0.8881357632,0.6886596693,0.5971088538,0.7444880844,0.9347856178,1.1015428373,1.0685347024,0.8062726648,0.6718283241,0.5938282912,0.6424970080,0.8089531918,0.9592199698,0.9174911435,0.7686508668,0.6610349108,0.5909725152,1.3045906027,1.5669911702,1.7772592240,1.9583015624,0.9787531132,0.7125987976,0.6083828319,0.8886192848,1.0619506327,1.2138331628,1.3037206950,0.8507001238,0.6928454388,0.6040480437,0.6069636645,0.7471046053,0.8803370047,0.8684211525,0.7673517279,0.6724210767,0.6012732629
400137271,0.5722653061,0.9180404514,1.1646185565,1.3752238799,1.5575321601,1.3394465553,0.8447542764,0.7036313521,0.7445454928,0.9345912393,1.1006114397,1.2549825673,1.0400428685,0.8140260187,0.6974829960,0.6425488057,0.8085855036,0.9597185985,1.1019442587,0.9535811377,0.7951836876,0.6935502561,1.3046387876,1.5669880540,1.7771592096,1.9588346722,2.1218443405,0.8861934653,0.7218793330,0.8885005817,1.0619760210,1.2140617264,1.3561278874,1.1318326354,0.8471110550,0.7148273311,0.6071480782,0.7469144995,0.8799182538,1.0092101421,0.9227615149,0.8032416140,0.7055310736
400137271,0.6436734694,0.9181151696,1.1648993792,1.3750944164,1.5576727546,1.7277579907,1.0405768653,0.8200424722,0.7444374556,0.9347755899,1.1010816841,1.2549430937,1.3966696001,0.9740210100,0.8090523798,0.6426296869,0.8092529470,0.9595521972,1.1012674818,1.1516461491,0.9355963721,0.8011305836,1.3045496102,1.5666209803,1.7771985927,1.9583930213,2.1238852082,1.1134689079,0.8445517888,0.8887559122,1.0621979000,1.2140150786,1.3566711222,1.4936010912,1.0253470746,0.8330242432,0.6069852977,0.7469092306,0.8801664229,1.0098782969,1.0633203946,0.9321819957,0.8141943577
400137271,0.7150816327,0.9181904786,1.1647275918,1.3750366836,1.5574988400,1.7284508832,1.2820504305,0.9438797892,0.7446279211,0.9346014144,1.1013594005,1.2538031099,1.4013512977,1.1507795725,0.9258681730,0.6428721645,0.8090239248,0.9589923809,1.1025089885,1.2412860640,1.0847966795,0.9139227329,1.3047873377,1.5671099200,1.7776440782,1.9588866147,2.1243277944,1.4451683824,0.9771166489,0.8889669166,1.0619029271,1.2146521790,1.3563204629,1.4940410361,1.2299565802,0.9582626070,0.6070291810,0.7468014243,0.8801349549,1.0096368975,1.1389440590,1.0576312377,0.9245511816
400137271,0.7864897959,0.9179689704,1.1651493124,1.3752480860,1.5579202482,1.7280156554,1.6383973605,1.0764852750,0.7443847930,0.9348647774,1.1008903952,1.2548174494,1.4009633342,1.3526419402,1.0534217535,0.6426729241,0.8089871192,0.9596380333,1.1011605043,1.2413186148,1.2355755409,1.0310701637,1.3046350194,1.5665246157,1.7774985057,1.9583510597,2.1239057411,2.4257660752,1.1260434954,0.8885837407,1.0618792747,1.2140491802,1.3553914944,1.4936435926,1.4666161211,1.0916913602,0.6072801814,0.7466491764,0.8804165895,1.0116253334,1.1392728826,1.1773630153,1.0359831800
400137271,0.8578979592,0.9179247329,1.1649517781,1.3754403082,1.5580669646,1.7284158425,2.0408006453,1.2238427905,0.7446237083,0.9346660463,1.1009528268,1.2554323324,1.4004554542,1.5725537402,1.1846442199,0.6426853110,0.8090081090,0.9591023718,1.1022316438,1.2418619436,1.3773836142,1.1544957871,1.3047040945,1.5669783898,1.7776162139,1.9592018058,2.1238878362,2.4277069887,1.2951811683,0.8886427337,1.0623519930,1.2142894388,1.3564848238,1.4933678660,1.7101100998,1.2324204899,0.6069540704,0.7474965464,0.8795319828,1.0098831565,1.1392847108,1.2855483466,1.1479549173
400137271,0.9293061224,0.9178773590,1.1647226514,1.3751809693,1.5578111749,1.7283108563,2.0425483766,1.3850735082,0.7446178216,0.9346435848,1.1012833310,1.2551048425,1.4011983291,1.6814226330,1.3213634837,0.6427840754,0.8089205402,0.9592991840,1.1024020688,1.2407861665,1.5062763519,1.2723723642,1.3046440202,1.5664412302,1.7775621061,1.9585742045,2.1246798666,2.4283136919,1.4825525767,0.8887243824,1.0621565281,1.2144066908,1.3566016944,1.4937894689,1.7604625785,1.3807944193,0.6068098264,0.7471022302,0.8800184873,1.0095542039,1.1404782399,1.3823597136,1.2541257316
400137271,1.0007142857,0.9180574641,1.1647590270,1.3750337872,1.5577340382,1.7290705495,2.0412263257,1.5613372978,0.7444105978,0.9347567735,1.1006109196,1.2545437110,1.4007242338,1.6822586766,1.4637022195,0.6426106093,0.8088586205,0.9600462469,1.1022696238,1.2414205054,1.5118350925,1.3937174234,1.3046347870,1.5671415048,1.7773781999,1.9584849193,2.1236009609,2.4291008873,1.6957831820,0.8886042458,1.0616242482,1.2136839760,1.3565560500,1.4944887734,1.7612786157,1.5335116353,0.6069651831,0.7473615718,0.8802669835,1.0100754301,1.1377272370,1.3937388709,1.3569503027
400137271,1.0721224490,0.9181530990,1.1649078623,1.3751786258,1.5574817586,1.7278225344,2.0395819410,1.7652517410,0.7443192206,0.9346660212,1.1011772809,1.2548023825,1.4007631400,1.6808358086,1.6088805332,0.6426554473,0.8089093518,0.9591140453,1.1022848467,1.2407043865,1.5115224466,1.5120489366,1.3045267250,1.5665872391,1.7773431533,1.9583425800,2.1237350176,2.4288298937,1.9537301816,0.8889171385,1.0621786724,1.2137469321,1.3569855517,1.4949620720,1.7600727001,1.6935907074,0.6070259214,0.7473573560,0.8811902194,1.0096536323,1.1383494625,1.3920056903,1.4531771930
400137271,1.1435306122,0.9180035008,1.1649214807,1.3751079482,1.5578726719,1.7285694139,2.0403471174,1.9773221952,0.7444069627,0.9346923850,1.1012652987,1.2546821822,1.4009529036,1.6818100237,1.7485798732,0.6424174833,0.8091549996,0.9594010244,1.1018987335,1.2408821204,1.5117980785,1.6236334271,1.3047400686,1.5666091319,1.7772179445,1.9583911904,2.1234901692,2.4291901686,2.2704677384,0.8883811108,1.0618143959,1.2142805663,1.3571527106,1.4940232171,1.7598103354,1.8398838818,0.6071090082,0.7470013649,0.8804770067,1.0104558748,1.1393941263,1.3948056003,1.5477385669
400137271,1.2149387755,0.9178209330,1.1648281220,1.3756883577,1.5575727810,1.7278938911,2.0414794575,2.2194395588,0.7444869077,0.9348580517,1.1017489597,1.2538937276,1.4011944883,1.6824526468,1.8924419029,0.6424789610,0.8085819348,0.9597586363,1.1026304303,1.2421542881,1.5118923652,1.7343432488,1.3044657773,1.5668158189,1.7778780261,1.9590212021,2.1230728325,2.4291379907,2.6949679755,0.8887505365,1.0622239774,1.2138175024,1.3558021307,1.4932387836,1.7603169717,1.9844175580,0.6071129394,0.7469240058,0.8803850675,1.0102045818,1.1376645724,1.3909676895,1.6360179098
400137271,1.2863469388,0.9181395350,1.1645180631,1.3750739020,1.5577449867,1.7282476325,2.0403792782,2.4878712963,0.7443320839,0.9344030088,1.1014915334,1.2545628157,1.4017998950,1.6825878723,2.0241097183,0.6427883749,0.8089021869,0.9593780724,1.1023237440,1.2407223314,1.5141031735,1.8355648016,1.3046693041,1.5671341069,1.7772951190,1.9581411236,2.1240779150,2.4282703597,2.9861430676,0.8883426636,1.0623190484,1.2137996087,1.3560712620,1.4934753283,1.7589119936,2.1261932207,0.6074963554,0.7475288369,0.8808486400,1.0105959643,1.1391999887,1.3940530405,1.7237936449
400137271,1.3577551020,0.9179123021,1.1646704697,1.3756108692,1.5578410744,1.7275179039,2.0420441009,2.6178966326,0.7446235347,0.9346911529,1.1011647132,1.2553628255,1.4002020477,1.6816854989,2.1473281614,0.6424621525,0.8089044052,0.9589774948,1.1016570125,1.2401990876,1.5127508588,1.9321400681,1.3045451072,1.5667775655,1.7774293037,1.9592472480,2.1240705285,2.4292785949,2.9857586030,0.8887730040,1.0619885616,1.2143062095,1.3575250409,1.4939956756,1.7602422891,2.2500397561,0.6071986698,0.7472516483,0.8792407368,1.0106978604,1.1377455476,1.3948600965,1.8110260601
400137271,1.4291632653,0.9180283118,1.1649913717,1.3754202430,1.5579141338,1.7275293303,2.0394491177,2.6188474707,0.7445213798,0.9344314177,1.1014401076,1.2548130955,1.4012499372,1.6824889708,2.2244732269,0.6426238808,0.8089047591,0.9594134248,1.1012435364,1.2405234936,1.5124556250,2.0264364543,1.3045943699,1.5663128525,1.7773389835,1.9584051788,2.1240391755,2.4295117849,2.9882547431,0.8886752840,1.0619699130,1.2144533664,1.3564145470,1.4941556343,1.7598437334,2.2814861410,0.6071341620,0.7463692970,0.8802340912,1.0118670936,1.1401050504,1.3946846471,1.8856013728
400137271,1.5005714286,0.9180338302,1.1646926604,1.3752369811,1.5577877408,1.7276997347,2.0405725285,2.6208557312,0.7446018849,0.9346575026,1.1013876743,1.2544929887,1.4013874969,1.6834234555,2.2260584215,0.6425920524,0.8090403426,0.9595400300,1.1030096084,1.2408190531,1.5140197910,2.0443971952,1.3048042195,1.5669014714,1.7766772910,1.9589148576,2.1242498033,2.4279248820,2.9875136686,0.8889634608,1.0616536367,1.2139741770,1.3561340800,1.4938053822,1.7606098727,2.2775869785,0.6074434504,0.7468588162,0.8805170929,1.0109218738,1.1384207188,1.3950251761,1.9024405661
400137271,1.5719795918,0.9181090952,1.1646836660,1.3756609797,1.5583934153,1.7283152804,2.0405525724,2.6190939252,0.7445496351,0.9350666637,1.1009399801,1.2546877055,1.4018068062,1.6840380705,2.2235703784,0.6427662394,0.8086745142,0.9592865357,1.1019782311,1.2415751233,1.5115788792,2.0429876354,1.3046346874,1.5664068681,1.7770795645,1.9584762536,2.1242556570,2.4276311897,2.9872766174,0.8886410804,1.0622645393,1.2138751586,1.3563305593,1.4941283482,1.7602770104,2.2767364509,0.6069123489,0.7475876789,0.8792028153,1.0102748173,1.1379660315,1.3949727168,1.9023815069
400137271,1.6433877551,0.9178839731,1.1647812953,1.3753983516,1.5575751315,1.7274837397,2.0398495733,2.6180222963,0.7446448620,0.9349808040,1.1007893811,1.2545425035,1.4004320981,1.6826287611,2.2246176978,0.6427749149,0.8090522090,0.9588672415,1.1018796599,1.2424064802,1.5120326829,2.0406159074,1.3046263572,1.5668442891,1.7769366160,1.9594014863,2.1241842158,2.4276546967,2.9873164883,0.8888054542,1.0620530058,1.2142319006,1.3567865518,1.4939272993,1.7605553441,2.2781483971,0.6070172392,0.7474228300,0.8797859187,1.0104406910,1.1391798763,1.3961091210,1.8983053665
400137271,1.7147959184,0.9180425000,1.1649977202,1.3754115829,1.5575547040,1.7279513853,2.0406346180,2.6158124052,0.7445346456,0.9343769096,1.1013861431,1.2542449246,1.4011546923,1.6823098341,2.2251790108,0.6426642993,0.8087258582,0.9593883605,1.1035989672,1.2417720014,1.5127603263,2.0417731708,1.3045434038,1.5667533910,1.7776409864,1.9589442642,2.1240506349,2.4278357812,2.9899932579,0.8889235358,1.0618465834,1.2139012919,1.3572132501,1.4940440984,1.7614686137,2.2785895666,0.6071230198,0.7471647144,0.8796042865,1.0096403709,1.1367641153,1.3941539765,1.9021916968
400137271,1.7862040816,0.9182506703,1.1645838511,1.3758782160,1.5579994857,1.7283987442,2.0409237781,2.6156143665,0.7444279948,0.9342403455,1.1013204110,1.2544093515,1.4004900071,1.6828566781,2.2248545862,0.6426154267,0.8090114778,0.9586980431,1.1025317951,1.2394357809,1.5112983845,2.0391982932,1.3044830430,1.5666910520,1.7771939449,1.9586968619,2.1241580129,2.4283603236,2.9879826787,0.8887011749,1.0620592267,1.2142504902,1.3558593203,1.4940647833,1.7613567797,2.2781784349,0.6071332260,0.7469653965,0.8795162721,1.0105381820,1.1412531179,1.3936103388,1.9030974886
400137271,1.8576122449,0.9178971813,1.1646856579,1.3752764986,1.5574118176,1.7277102156,2.0410671939,2.6177415491,0.7445493240,0.9348785719,1.1011239056,1.2550115346,1.4011383027,1.6831134367,2.2218140638,0.6426828685,0.8085745420,0.9585998927,1.1022200214,1.2423367394,1.5102004571,2.0428545528,1.3047104958,1.5665886771,1.7772183311,1.9589669140,2.1246947251,2.4264664116,2.9859816141,0.8887003787,1.0619860658,1.2139193660,1.3571335971,1.4945113702,1.7606645417,2.2770721463,0.6071824620,0.7468686885,0.8808073914,1.0094961004,1.1385849886,1.3955645567,1.9034348824
400137271,1.9290204082,0.9179676737,1.1647475455,1.3753369734,1.5577619071,1.7274752400,2.0417408455,2.6192330881,0.7443088619,0.9347358488,1.1010633813,1.2545920383,1.4016209942,1.6822592070,2.2233501768,0.6425046772,0.8090061356,0.9591814556,1.1027942547,1.2422896612,1.5105825498,2.0422486045,1.3046462479,1.5667968620,1.7778562830,1.9588889776,2.1244934785,2.4279933966,2.9875108697,0.8886828107,1.0619702912,1.2145309587,1.3573933298,1.4925129874,1.7592543370,2.2748535888,0.6073859171,0.7468960952,0.8802591897,1.0108281674,1.1382208230,1.3918800939,1.9043200442
400137271,2.0004285714,0.9178929078,1.1649966890,1.3751237593,1.5575231167,1.7275732629,2.0414814211,2.6175203217,0.7445524509,0.9345592617,1.1009198592,1.2546693004,1.4020034973,1.6832611496,2.2230756894,0.6426188314,0.8090380259,0.9586597242,1.1022901117,1.2409437233,1.5115243162,2.0428529356,1.3046741016,1.5665661024,1.7774882671,1.9588654646,2.1241266952,2.4281040302,2.9868005250,0.8886605377,1.0620073351,1.2140177311,1.3562805736,1.4935603060,1.7620913381,2.2792672385,0.6071300755,0.7470986891,0.8794618410,1.0100083573,1.1382735782,1.3953647210,1.9024283419
400137271,2.0718367347,0.9180357407,1.1647054510,1.3750596971,1.5572916131,1.7280251324,2.0406861218,2.6193574646,0.7446538317,0.9344075088,1.1005995973,1.2554457121,1.4002374300,1.6825132132,2.2240003200,0.6425719385,0.8088811673,0.9596862950,1.1030585778,1.2410037283,1.5114358586,2.0438655452,1.3046243035,1.5667296246,1.7777952324,1.9587308331,2.1238359364,2.4290858349,2.9883695332,0.8888531233,1.0620923391,1.2137615388,1.3556367208,1.4943868573,1.7607294908,2.2782809097,0.6073272029,0.7476118942,0.8801751420,1.0103994521,1.1387436178,1.3929858243,1.8997311775
400137271,2.1432448980,0.9181182671,1.1646157875,1.3751260355,1.5579500596,1.7285904153,2.0409972097,2.6189409073,0.7444798201,0.9342401425,1.1003953765,1.2546234707,1.4015582984,1.6842089492,2.2222379322,0.6427027330,0.8091268146,0.9599309307,1.1026638889,1.2398805908,1.5137174969,2.0399786744,1.3046141501,1.5668404931,1.7774702762,1.9585571538,2.1248991972,2.4284830647,2.9876872147,0.8886418523,1.0617692632,1.2137367848,1.3569160046,1.4924318522,1.7607389439,2.2761946725,0.6068559869,0.7476566612,0.8799481949,1.0101378578,1.1390093369,1.3961062040,1.9017824519
400137271,2.2146530612,0.9180236889,1.1645441814,1.3753795442,1.5579234530,1.7281938975,2.0403561760,2.6183107311,0.7445197295,0.9346954545,1.1014762578,1.2548604771,1.4007101746,1.6808776618,2.2244506647,0.6426930423,0.8089952378,0.9595813640,1.1024933903,1.2412229551,1.5120588433,2.0407958537,1.3045920306,1.5667450319,1.7774374075,1.9592612593,2.1239644569,2.4285486265,2.9886357409,0.8888356346,1.0619582097,1.2149586127,1.3566310482,1.4942189617,1.7615638737,2.2775692498,0.6071146036,0.7463027356,0.8795498221,1.0100753386,1.1393535580,1.3939007846,1.8979333427
400137271,2.2860612245,0.9179668858,1.1646271073,1.3754238189,1.5577182110,1.7284506429,2.0414758827,2.6173003230,0.7445904318,0.9345878330,1.1011480037,1.2550903432,1.4009592713,1.6828710592,2.2233774288,0.6425945159,0.8086873370,0.9593468833,1.1015175547,1.2402272059,1.5101494215,2.0434635940,1.3044729174,1.5668202877,1.7775360297,1.9591290681,2.1246431354,2.4284002513,2.9866787776,0.8888190987,1.0623979995,1.2141846433,1.3563315145,1.4932149411,1.7600746485,2.2784435145,0.6071427598,0.7465752620,0.8796055820,1.0109244713,1.1380176563,1.3924869119,1.8980160738
400137271,2.3574693878,0.9180521980,1.1649053133,1.3753942918,1.5571398776,1.7280961549,2.0408069465,2.6203787894,0.7445488577,0.9346245274,1.1006758292,1.2547701903,1.4008496569,1.6840815890,2.2228066843,0.6424073629,0.8089161271,0.9598069482,1.1023353903,1.2408221732,1.5116861142,2.0403526425,1.3045381768,1.5670376475,1.7772353650,1.9582881139,2.1248560987,2.4283354201,2.9878906807,0.8887231290,1.0619554314,1.2140437497,1.3566077785,1.4937005348,1.7603952219,2.2786488969,0.6068556935,0.7473733188,0.8796817015,1.0096803905,1.1391477571,1.3956948646,1.8986123441
400137271,2.4288775510,0.9180513050,1.1650456535,1.3755808219,1.5581497394,1.7281119525,2.0414158403,2.6164392723,0.7444661020,0.9348890631,1.1011664556,1.2540397498,1.4005764540,1.6841212144,2.2257913580,0.6426988716,0.8088424465,0.9591174638,1.1029874099,1.2399480525,1.5128653703,2.0404154719,1.3045248180,1.5663891083,1.7770886270,1.9588215425,2.1240324955,2.4294726994,2.9889003557,0.8887424026,1.0620524834,1.2143043587,1.3567643389,1.4948000052,1.7585950427,2.2777779052,0.6071686623,0.7469897805,0.8797401424,1.0097694095,1.1401208660,1.3945015339,1.9004573116
400137271,2.5002857143,0.9179227256,1.1649309925,1.3750963515,1.5582496782,1.7281292048,2.0405642109,2.6185608424,0.7444954212,0.9348596029,1.1010936155,1.2545331987,1.4015874832,1.6818653263,2.2239126573,0.6427689541,0.8086302251,0.9586199649,1.1028736926,1.2414672270,1.5139893441,2.0415680735,1.3046951435,1.5670584827,1.7779512328,1.9587008662,2.1239923557,2.4295522615,2.9884375362,0.8888778262,1.0622157728,1.2145128027,1.3565226394,1.4932257039,1.7603366373,2.2765163477,0.6071230872,0.7467590100,0.8797315565,1.0112570531,1.1399652815,1.3919262275,1.8984989749
400137271,2.5716938776,0.9180023443,1.1647618464,1.3753067788,1.5576863557,1.7284786381,2.0405939558,2.6174348395,0.7445594344,0.9349551132,1.1011674513,1.2547423138,1.4011683094,1.6806979028,2.2229128613,0.6424321128,0.8090805142,0.9594563500,1.1023812525,1.2415691782,1.5128229108,2.0443627967,1.3046484631,1.5669154530,1.7767788136,1.9587048504,2.1244184301,2.4292210754,2.9861316195,0.8888875558,1.0621307902,1.2140315480,1.3562284057,1.4939528157,1.7614840301,2.2776062645,0.6071964993,0.7465993913,0.8792819650,1.0094340414,1.1376424060,1.3935447068,1.8996942865
400137271,2.6431020408,0.9179708601,1.1649238696,1.3750607491,1.5577539571,1.7278645750,2.0405339947,2.6173904168,0.7446516597,0.9347575409,1.1011553014,1.2543869494,1.4008389047,1.6832731855,2.2251202742,0.6426412519,0.8086444506,0.9594471931,1.1028768025,1.2420409115,1.5120725970,2.0411343407,1.3045314654,1.5670921792,1.7771988124,1.9586221846,2.1236917134,2.4280874255,2.9882346690,0.8884098628,1.0623483253,1.2139267567,1.3573634089,1.4953377020,1.7613448008,2.2763433272,0.6070577205,0.7470425891,0.8795625929,1.0103403752,1.1399117994,1.3928519570,1.9032498929
400137271,2.7145102041,0.9179904168,1.1650717552,1.3755210033,1.5584948311,1.7279992870,2.0409045034,2.6176103128,0.7445011937,0.9348226965,1.1012354790,1.2541785398,1.4003694313,1.6833563008,2.2234219753,0.6426238881,0.8089120780,0.9593936626,1.1016326318,1.2400217162,1.5121166780,2.0377568314,1.3046484923,1.5667349563,1.7774781083,1.9586741640,2.1238051017,2.4280262975,2.9864432132,0.8884595358,1.0614998913,1.2143685952,1.3570502181,1.4936797999,1.7616300733,2.2800736103,0.6072023399,0.7471452242,0.8805051907,1.0099785394,1.1388308784,1.3969171458,1.9017826535
400137271,2.7859183673,0.9181396231,1.1653729843,1.3753712333,1.5572436429,1.7278026584,2.0414784167,2.6191380073,0.7443395002,0.9346302731,1.1011170129,1.2553626810,1.4005847672,1.6823199400,2.2246900073,0.6426978726,0.8086801862,0.9590580494,1.1023760251,1.2397846896,1.5114684556,2.0443053185,1.3046125740,1.5670380033,1.7769846466,1.9585793877,2.1245985692,2.4293476177,2.9858167884,0.8887673006,1.0621051107,1.2139559818,1.3568305058,1.4938331202,1.7596044925,2.2746531427,0.6071998061,0.7472632239,0.8787655624,1.0113310050,1.1392362626,1.3947876917,1.9005700117
400137271,2.8573265306,0.9180273512,1.1648514244,1.3751476144,1.5575123294,1.7271339099,2.0410458435,2.6194096383,0.7444612671,0.9343955867,1.1013487170,1.2543525765,1.4021383459,1.6832756903,2.2238593806,0.6425946074,0.8087140654,0.9597830636,1.1029470584,1.2405465761,1.5117971174,2.0391589700,1.3046311136,1.5669813435,1.7773129430,1.9588052557,2.1250964787,2.4285260190,2.9860254722,0.8886579486,1.0623891686,1.2141507699,1.3568314268,1.4933577929,1.7599259049,2.2781257184,0.6073655609,0.7469624172,0.8802091944,1.0103262704,1.1392004541,1.3972959199,1.9018322883
400137271,2.9287346939,0.9179313700,1.1647945786,1.3754552089,1.5576014514,1.7271125007,2.0414851216,2.6198562581,0.7444882890,0.9347971583,1.1013042471,1.2541921180,1.4015520102,1.6822337381,2.2243590508,0.6429686884,0.8087474554,0.9603325703,1.1017201187,1.2407905427,1.5113162528,2.0420493769,1.3045911103,1.5667727311,1.7776167201,1.9582807080,2.1239119547,2.4281024153,2.9874395100,0.8887683239,1.0620683275,1.2143945705,1.3575188083,1.4937919088,1.7599856104,2.2781615378,0.6071003714,0.7470871196,0.8800369153,1.0105154308,1.1395171299,1.3943024105,1.9023084388
400137271,3.0001428571,0.9181189464,1.1646027759,1.3752040852,1.5578036054,1.7283181458,2.0411053554,2.6170321668,0.7445440717,0.9346315343,1.1004137119,1.2542297222,1.4006748010,1.6821549260,2.2248694112,0.6429361113,0.8087976738,0.9594905476,1.1011392543,1.2422458772,1.5127685755,2.0428020796,1.3047132407,1.5667893767,1.7775957872,1.9588117990,2.1239221192,2.4283930814,2.9873474794,0.8889301853,1.0620933501,1.2144199162,1.3562964397,1.4933872829,1.7598348932,2.2764754519,0.6072655657,0.7465033650,0.8808866945,1.0097841349,1.1381890275,1.3944507007,1.9013827029
400137271,3.0715510204,0.9179197101,1.1644893375,1.3757738847,1.5579558583,1.7274422979,2.0414152887,2.6195306272,0.7441944297,0.9347742609,1.1013624094,1.2546123001,1.4011038724,1.6826777761,2.2233843257,0.6425571398,0.8088585443,0.9599468685,1.1025590901,1.2408376113,1.5129350467,2.0448163218,1.3045342738,1.5667018315,1.7774098580,1.9583624458,2.1241121500,2.4281613017,2.9868676556,0.8884577095,1.0623749862,1.2143378390,1.3564949695,1.4938529103,1.7601030449,2.2777520015,0.6069785991,0.7461623098,0.8801720052,1.0108589391,1.1397802324,1.3939452879,1.9016204605
400137271,3.1429591837,0.9179857572,1.1647283726,1.3750152835,1.5569743601,1.7278848785,2.0418288569,2.6193859329,0.7444611681,0.9346498993,1.1006091899,1.2545677716,1.4007814575,1.6813875475,2.2233102353,0.6427406507,0.8087863334,0.9593762483,1.1022492928,1.2413197547,1.5116188225,2.0457343472,1.3047613991,1.5667093147,1.7779546688,1.9590271615,2.1237034206,2.4283012536,2.9890864094,0.8888477384,1.0619530956,1.2144986642,1.3572474560,1.4939168556,1.7596223684,2.2796467015,0.6069898481,0.7468788877,0.8793539209,1.0099363536,1.1389037144,1.3938716171,1.9030466593
400137271,3.2143673469,0.9180204965,1.1649370469,1.3753147546,1.5575532886,1.7279755242,2.0418928336,2.6192931470,0.7445599729,0.9341537300,1.1011322024,1.2538520136,1.4017642888,1.6821778218,2.2235555656,0.6425843738,0.8090510706,0.9593225649,1.1022993825,1.2412095577,1.5107020014,2.0402959572,1.3046778307,1.5669117085,1.7775899074,1.9584080778,2.1246381276,2.4289141464,2.9865936426,0.8886504641,1.0623331385,1.2141232762,1.3568368754,1.4937143348,1.7599408986,2.2774074689,0.6072996283,0.7476229465,0.8804173459,1.0095141564,1.1398887794,1.3926387777,1.9022837234
400137271,3.2857755102,0.9179717599,1.1647523544,1.3752787104,1.5571998106,1.7282196127,2.0404692127,2.6181835445,0.7445507447,0.9346139228,1.1012635718,1.2550273208,1.4014436876,1.6833473695,2.2250365149,0.6427127045,0.8087120477,0.9595852912,1.1017988531,1.2411752319,1.5109976116,2.0412751494,1.3045726196,1.5664483446,1.7778927729,1.9590103032,2.1240072056,2.4282673596,2.9865980838,0.8888694499,1.0622229016,1.2143293662,1.3570802017,1.4937353977,1.7598339105,2.2788660423,0.6070144649,0.7472406227,0.8801066707,1.0120333820,1.1392156625,1.3940513302,1.8979168526
400137271,3.3571836735,0.9180581090,1.1647298366,1.3752515476,1.5583931495,1.7284918880,2.0401302273,2.6187467043,0.7444566275,0.9343935743,1.1010122771,1.2543710039,1.4007696878,1.6826190976,2.2215665012,0.6428701509,0.8085557994,0.9599996533,1.1032922085,1.2409228091,1.5120091067,2.0425868267,1.3045853343,1.5669530405,1.7775429644,1.9594286220,2.1236260075,2.4288845875,2.9858809616,0.8888915612,1.0622794286,1.2147971613,1.3560244941,1.4938735148,1.7602944833,2.2778430713,0.6071855055,0.7474731245,0.8799884869,1.0104138722,1.1385854698,1.3972668113,1.9060941973
400137271,3.4285918367,0.9179068457,1.1648126728,1.3757205128,1.5570562896,1.7286651629,2.0401488389,2.6184665369,0.7444376357,0.9349234255,1.1012398262,1.2550742796,1.4012040540,1.6831461402,2.2230582208,0.6428038086,0.8087350054,0.9587074499,1.1028283295,1.2415220693,1.5123928859,2.0417461335,1.3044294113,1.5668077704,1.7774302591,1.9591406988,2.1241989288,2.4285552842,2.9869724551,0.8891151655,1.0620344900,1.2143990699,1.3563937590,1.4932459139,1.7601819899,2.2773675766,0.6071008255,0.7468680028,0.8799553269,1.0099127881,1.1373957666,1.3935696340,1.9032349300
400137271,3.5000000000,0.9180148697,1.1648026975,1.3755155470,1.5583864012,1.7288993912,2.0413446086,2.6177175492,0.7446129859,0.9347475438,1.1011988352,1.2544348437,1.4003641813,1.6827156238,2.2242541901,0.6425950831,0.8090838380,0.9594762644,1.1021998719,1.2408524316,1.5119065428,2.0428219235,1.3045857955,1.5664697888,1.7779469727,1.9590285936,2.1231821771,2.4285121233,2.9883863468,0.8887865939,1.0622484371,1.2140896718,1.3567623583,1.4945516831,1.7620794470,2.2792529286,0.6071598482,0.7469859154,0.8803192278,1.0105358501,1.1392450269,1.3934543254,1.9004091009

