Seed,arrival rate,"(3,5,0.50,0.50)","(3,5,0.50,2.00)","(3,5,0.50,3.50)","(3,5,1.00,0.50)","(3,5,1.00,2.00)","(3,5,1.00,3.50)","(3,5,1.50,0.50)","(3,5,1.50,2.00)","(3,5,1.50,3.50)","(3,10,0.50,0.50)","(3,10,0.50,2.00)","(3,10,0.50,3.50)","(3,10,1.00,0.50)","(3,10,1.00,2.00)","(3,10,1.00,3.50)","(3,10,1.50,0.50)","(3,10,1.50,2.00)","(3,10,1.50,3.50)",,,Seed,arrival rate,"(3,5,0.50,0.50)","(3,5,0.50,2.00)","(3,5,0.50,3.50)","(BEB,5,1.00,0.50)","(BEB,5,1.00,2.00)","(BEB,5,1.00,3.50)","(3,5,1.50,0.50)","(3,5,1.50,2.00)","(3,5,1.50,3.50)","(3,10,0.50,0.50)","(3,10,0.50,2.00)","(3,10,0.50,3.50)","(3,10,1.00,0.50)","(3,10,1.00,2.00)","(3,10,1.00,3.50)","(3,10,1.50,0.50)","(3,10,1.50,2.00)","(3,10,1.50,3.50)",,,,,,"(3,5,0.50,0.50)","(3,5,0.50,2.00)","(3,5,0.50,3.50)","(3,5,1.00,0.50)","(3,5,1.00,2.00)","(3,5,1.00,3.50)","(3,5,1.50,0.50)","(3,5,1.50,2.00)","(3,5,1.50,3.50)","(3,10,0.50,0.50)","(3,10,0.50,2.00)","(3,10,0.50,3.50)","(3,10,1.00,0.50)","(3,10,1.00,2.00)","(3,10,1.00,3.50)","(3,10,1.50,0.50)","(3,10,1.50,2.00)","(3,10,1.50,3.50)",,,,,Seed,arrival rate,"(3,5)","(3,10)",,,Seed,arrival rate,"(BEB,5)","(BEB,10)"
400137271,0.001,0.000499673,0.136934243,0.272824432,0.04583888,0.182286939,0.318929676,0.091481058,0.227902387,0.363866985,0.000499793,0.136912318,0.27286185,0.045846423,0.182512004,0.318203519,0.09141212,0.227464004,0.363588517,,,400137271,0.001,0.880316145,1.076332176,1.412493943,0.934869722,1.166605481,1.593561074,0.999656885,1.276183068,1.844599699,0.880466411,1.084161133,1.443887518,0.938845574,1.175186159,1.61686721,1.005121217,1.291430274,1.837112175,,,,,,,,,,,,,,,,,,,,,,,,,,,,400137271,0.001,0.001001,0.001001,,,400137271,0.001,1.524142,1.524705
400137271,0.031292929,0.015615079,0.152491062,0.288019718,0.060993706,0.197394772,0.33386118,0.106594765,0.24261927,0.379028266,0.015624365,0.15209644,0.28846582,0.061131355,0.197570608,0.333643449,0.106435286,0.243315638,0.378642814,,,400137271,0.031292929,0.897555611,1.105405221,1.464401908,0.955337107,1.196207516,1.66943753,1.023604728,1.309233758,1.926445035,0.899157586,1.1125986,1.477132799,0.960566311,1.208835169,1.702474852,1.030304502,1.325350621,1.95821059,,,,,,,,,,,,,,,,,,,,,,,,,,,,400137271,0.011091,0.011088,0.011073,,,400137271,0.011091,1.569146,1.574408
400137271,0.061585859,0.030692357,0.167429753,0.30372605,0.076195113,0.212460393,0.348913006,0.121725398,0.257313782,0.393570874,0.030717637,0.167176797,0.304048909,0.076144275,0.21220182,0.349123123,0.121665518,0.258038432,0.393290999,,,400137271,0.061585859,0.916082646,1.133775311,1.539219112,0.976696478,1.233085329,1.722421354,1.047812172,1.363476116,2.059344034,0.918488641,1.142791879,1.545350736,0.982944524,1.246352748,1.865655763,1.057894647,1.376091422,2.343663709,,,,,,,,,,,,,,,,,,,,,,,,,,,,400137271,0.021182,0.02117,0.021172,,,400137271,0.021182,1.616643,1.626047
400137271,0.091878788,0.04583888,0.182286939,0.318929676,0.091481058,0.227902387,0.363866985,0.136934243,0.272824432,0.40874876,0.045846423,0.182512004,0.318203519,0.09141212,0.227464004,0.363588517,0.136912318,0.27286185,0.409170537,,,400137271,0.091878788,0.934869722,1.166605481,1.593561074,0.999656885,1.276183068,1.844599699,1.076332176,1.412493943,2.318485906,0.938845574,1.175186159,1.61686721,1.005121217,1.291430274,1.837112175,1.084161133,1.443887518,2.246383259,,,,,,,,,,,,,,,,,,,,,,,,,,,,400137271,0.031273,0.031308,0.031301,,,400137271,0.031273,1.665963,1.679987
400137271,0.122171717,0.060993706,0.197394772,0.33386118,0.106594765,0.24261927,0.379028266,0.152491062,0.288019718,0.425403504,0.061131355,0.197570608,0.333643449,0.106435286,0.243315638,0.378642814,0.15209644,0.28846582,0.42505488,,,400137271,0.122171717,0.955337107,1.196207516,1.66943753,1.023604728,1.309233758,1.926445035,1.105405221,1.464401908,2.434958864,0.960566311,1.208835169,1.702474852,1.030304502,1.325350621,1.95821059,1.1125986,1.477132799,2.484103489,,,,,,,,,,,,,,,,,,,,,,,,,,,,400137271,0.041364,0.041416,0.041403,,,400137271,0.041364,1.722736,1.745941
400137271,0.152464647,0.076195113,0.212460393,0.348913006,0.121725398,0.257313782,0.393570874,0.167429753,0.30372605,0.439301433,0.076144275,0.21220182,0.349123123,0.121665518,0.258038432,0.393290999,0.167176797,0.304048909,0.438395647,,,400137271,0.152464647,0.976696478,1.233085329,1.722421354,1.047812172,1.363476116,2.059344034,1.133775311,1.539219112,2.581123487,0.982944524,1.246352748,1.865655763,1.057894647,1.376091422,2.343663709,1.142791879,1.545350736,4.433785461,,,,,,,,,,,,,,,,,,,,,,,,,,,,400137271,0.051455,0.051475,0.051509,,,400137271,0.051455,1.782637,1.805193
400137271,0.182757576,0.091481058,0.227902387,0.363866985,0.136934243,0.272824432,0.40874876,0.182286939,0.318929676,0.454619652,0.09141212,0.227464004,0.363588517,0.136912318,0.27286185,0.409170537,0.182512004,0.318203519,0.45444418,,,400137271,0.182757576,0.999656885,1.276183068,1.844599699,1.076332176,1.412493943,2.318485906,1.166605481,1.593561074,2.719397764,1.005121217,1.291430274,1.837112175,1.084161133,1.443887518,2.246383259,1.175186159,1.61686721,2.87231922,,,,,,,,,,,,,,,,,,,,,,,,,,,,400137271,0.061545,0.061603,0.061508,,,400137271,0.061545,1.843272,1.876194
400137271,0.213050505,0.106594765,0.24261927,0.379028266,0.152491062,0.288019718,0.425403504,0.197394772,0.33386118,0.469392467,0.106435286,0.243315638,0.378642814,0.15209644,0.28846582,0.42505488,0.197570608,0.333643449,0.469873288,,,400137271,0.213050505,1.023604728,1.309233758,1.926445035,1.105405221,1.464401908,2.434958864,1.196207516,1.66943753,3.011772661,1.030304502,1.325350621,1.95821059,1.1125986,1.477132799,2.484103489,1.208835169,1.702474852,3.868826722,,,,,,,,,,,,,,,,,,,,,,,,,,,,400137271,0.071636,0.071546,0.071601,,,400137271,0.071636,1.915467,1.943656
400137271,0.243343434,0.121725398,0.257313782,0.393570874,0.167429753,0.30372605,0.439301433,0.212460393,0.348913006,0.484988868,0.121665518,0.258038432,0.393290999,0.167176797,0.304048909,0.438395647,0.21220182,0.349123123,0.48453682,,,400137271,0.243343434,1.047812172,1.363476116,2.059344034,1.133775311,1.539219112,2.581123487,1.233085329,1.722421354,3.362387444,1.057894647,1.376091422,2.343663709,1.142791879,1.545350736,4.433785461,1.246352748,1.865655763,3.463043306,,,,,,,,,,,,,,,,,,,,,,,,,,,,400137271,0.081727,0.081634,0.081721,,,400137271,0.081727,1.991345,2.035265
400137271,0.273636364,0.136934243,0.272824432,0.40874876,0.182286939,0.318929676,0.454619652,0.227902387,0.363866985,0.502919791,0.136912318,0.27286185,0.409170537,0.182512004,0.318203519,0.45444418,0.227464004,0.363588517,0.501041443,,,400137271,0.273636364,1.076332176,1.412493943,2.318485906,1.166605481,1.593561074,2.719397764,1.276183068,1.844599699,4.23013326,1.084161133,1.443887518,2.246383259,1.175186159,1.61686721,2.87231922,1.291430274,1.837112175,4.987543307,,,,,,,,,,,,,,,,,,,,,,,,,,,,400137271,0.091818,0.09186,0.091753,,,400137271,0.091818,2.068697,2.118763
400137271,0.303929293,0.152491062,0.288019718,0.425403504,0.197394772,0.33386118,0.469392467,0.24261927,0.379028266,0.515233125,0.15209644,0.28846582,0.42505488,0.197570608,0.333643449,0.469873288,0.243315638,0.378642814,0.515987171,,,400137271,0.303929293,1.105405221,1.464401908,2.434958864,1.196207516,1.66943753,3.011772661,1.309233758,1.926445035,3.955476798,1.1125986,1.477132799,2.484103489,1.208835169,1.702474852,3.868826722,1.325350621,1.95821059,7.074825764,,,,,,,,,,,,,,,,,,,,,,,,,,,,400137271,0.101909,0.101831,0.101897,,,400137271,0.101909,2.164546,2.219696
400137271,0.334222222,0.167429753,0.30372605,0.439301433,0.212460393,0.348913006,0.484988868,0.257313782,0.393570874,0.530704194,0.167176797,0.304048909,0.438395647,0.21220182,0.349123123,0.48453682,0.258038432,0.393290999,0.531334914,,,400137271,0.334222222,1.133775311,1.539219112,2.581123487,1.233085329,1.722421354,3.362387444,1.363476116,2.059344034,5.369073266,1.142791879,1.545350736,4.433785461,1.246352748,1.865655763,3.463043306,1.376091422,2.343663709,20.36024291,,,,,,,,,,,,,,,,,,,,,,,,,,,,400137271,0.112,0.112039,0.112021,,,400137271,0.112,2.255195,2.321117
400137271,0.364515152,0.182286939,0.318929676,0.454619652,0.227902387,0.363866985,0.502919791,0.272824432,0.40874876,0.545271705,0.182512004,0.318203519,0.45444418,0.227464004,0.363588517,0.501041443,0.27286185,0.409170537,0.546301716,,,400137271,0.364515152,1.166605481,1.593561074,2.719397764,1.276183068,1.844599699,4.23013326,1.412493943,2.318485906,8.919635819,1.175186159,1.61686721,2.87231922,1.291430274,1.837112175,4.987543307,1.443887518,2.246383259,13.57980567,,,,,,,,,,,,,,,,,,,,,,,,,,,,400137271,0.122091,0.121975,0.121991,,,400137271,0.122091,2.355024,2.430639
400137271,0.394808081,0.197394772,0.33386118,0.469392467,0.24261927,0.379028266,0.515233125,0.288019718,0.425403504,0.560952463,0.197570608,0.333643449,0.469873288,0.243315638,0.378642814,0.515987171,0.28846582,0.42505488,0.559560814,,,400137271,0.394808081,1.196207516,1.66943753,3.011772661,1.309233758,1.926445035,3.955476798,1.464401908,2.434958864,8.657685741,1.208835169,1.702474852,3.868826722,1.325350621,1.95821059,7.074825764,1.477132799,2.484103489,13.37769761,,,,,,,,,,,,,,,,,,,,,,,,,,,,400137271,0.132182,0.13218,0.132138,,,400137271,0.132182,2.488418,2.58088
400137271,0.42510101,0.212460393,0.348913006,0.484988868,0.257313782,0.393570874,0.530704194,0.30372605,0.439301433,0.575467064,0.21220182,0.349123123,0.48453682,0.258038432,0.393290999,0.531334914,0.304048909,0.438395647,0.577074309,,,400137271,0.42510101,1.233085329,1.722421354,3.362387444,1.363476116,2.059344034,5.369073266,1.539219112,2.581123487,14.955394,1.246352748,1.865655763,3.463043306,1.376091422,2.343663709,20.36024291,1.545350736,4.433785461,156.740433,,,,,,,,,,,,,,,,,,,,,,,,,,,,400137271,0.142273,0.142153,0.142352,,,400137271,0.142273,2.625053,2.728693
400137271,0.455393939,0.227902387,0.363866985,0.502919791,0.272824432,0.40874876,0.545271705,0.318929676,0.454619652,0.591639205,0.227464004,0.363588517,0.501041443,0.27286185,0.409170537,0.546301716,0.318203519,0.45444418,0.590784403,,,400137271,0.455393939,1.276183068,1.844599699,4.23013326,1.412493943,2.318485906,8.919635819,1.593561074,2.719397764,28.01111138,1.291430274,1.837112175,4.987543307,1.443887518,2.246383259,13.57980567,1.61686721,2.87231922,97.07682955,,,,,,,,,,,,,,,,,,,,,,,,,,,,400137271,0.152364,0.152252,0.15249,,,400137271,0.152364,2.806039,2.875507
400137271,0.485686869,0.24261927,0.379028266,0.515233125,0.288019718,0.425403504,0.560952463,0.33386118,0.469392467,0.605846999,0.243315638,0.378642814,0.515987171,0.28846582,0.42505488,0.559560814,0.333643449,0.469873288,0.606096157,,,400137271,0.485686869,1.309233758,1.926445035,3.955476798,1.464401908,2.434958864,8.657685741,1.66943753,3.011772661,16.71659716,1.325350621,1.95821059,7.074825764,1.477132799,2.484103489,13.37769761,1.702474852,3.868826722,106.9673455,,,,,,,,,,,,,,,,,,,,,,,,,,,,400137271,0.162455,0.16243,0.162581,,,400137271,0.162455,2.997717,3.139293
400137271,0.515979798,0.257313782,0.393570874,0.530704194,0.30372605,0.439301433,0.575467064,0.348913006,0.484988868,0.621641736,0.258038432,0.393290999,0.531334914,0.304048909,0.438395647,0.577074309,0.349123123,0.48453682,0.622531043,,,400137271,0.515979798,1.363476116,2.059344034,5.369073266,1.539219112,2.581123487,14.955394,1.722421354,3.362387444,23.65667589,1.376091422,2.343663709,20.36024291,1.545350736,4.433785461,156.740433,1.865655763,3.463043306,718.9062935,,,,,,,,,,,,,,,,,,,,,,,,,,,,400137271,0.172545,0.172452,0.17267,,,400137271,0.172545,3.141177,3.297206
400137271,0.546272727,0.272824432,0.40874876,0.545271705,0.318929676,0.454619652,0.591639205,0.363866985,0.502919791,0.636682118,0.27286185,0.409170537,0.546301716,0.318203519,0.45444418,0.590784403,0.363588517,0.501041443,0.636400328,,,400137271,0.546272727,1.412493943,2.318485906,8.919635819,1.593561074,2.719397764,28.01111138,1.844599699,4.23013326,213.7938763,1.443887518,2.246383259,13.57980567,1.61686721,2.87231922,97.07682955,1.837112175,4.987543307,941.8291371,,,,,,,,,,,,,,,,,,,,,,,,,,,,400137271,0.182636,0.18258,0.182964,,,400137271,0.182636,3.421548,3.578545
400137271,0.576565657,0.288019718,0.425403504,0.560952463,0.33386118,0.469392467,0.605846999,0.379028266,0.515233125,0.651229097,0.28846582,0.42505488,0.559560814,0.333643449,0.469873288,0.606096157,0.378642814,0.515987171,0.65111327,,,400137271,0.576565657,1.464401908,2.434958864,8.657685741,1.66943753,3.011772661,16.71659716,1.926445035,3.955476798,75.68818456,1.477132799,2.484103489,13.37769761,1.702474852,3.868826722,106.9673455,1.95821059,7.074825764,274.5501217,,,,,,,,,,,,,,,,,,,,,,,,,,,,400137271,0.192727,0.192521,0.192758,,,400137271,0.192727,3.750732,3.994925
400137271,0.606858586,0.30372605,0.439301433,0.575467064,0.348913006,0.484988868,0.621641736,0.393570874,0.530704194,0.664925522,0.304048909,0.438395647,0.577074309,0.349123123,0.48453682,0.622531043,0.393290999,0.531334914,0.668392402,,,400137271,0.606858586,1.539219112,2.581123487,14.955394,1.722421354,3.362387444,23.65667589,2.059344034,5.369073266,1425.37549,1.545350736,4.433785461,156.740433,1.865655763,3.463043306,718.9062935,2.343663709,20.36024291,708.9508438,,,,,,,,,,,,,,,,,,,,,,,,,,,,400137271,0.202818,0.202823,0.202849,,,400137271,0.202818,5.182063,4.448235
400137271,0.637151515,0.318929676,0.454619652,0.591639205,0.363866985,0.502919791,0.636682118,0.40874876,0.545271705,0.682327118,0.318203519,0.45444418,0.590784403,0.363588517,0.501041443,0.636400328,0.409170537,0.546301716,0.680405376,,,400137271,0.637151515,1.593561074,2.719397764,28.01111138,1.844599699,4.23013326,213.7938763,2.318485906,8.919635819,126.8544892,1.61686721,2.87231922,97.07682955,1.837112175,4.987543307,941.8291371,2.246383259,13.57980567,916.4410573,,,,,,,,,,,,,,,,,,,,,,,,,,,,400137271,0.212909,0.212501,0.213043,,,400137271,0.212909,4.554774,5.183351
400137271,0.667444444,0.33386118,0.469392467,0.605846999,0.379028266,0.515233125,0.651229097,0.425403504,0.560952463,0.696001683,0.333643449,0.469873288,0.606096157,0.378642814,0.515987171,0.65111327,0.42505488,0.559560814,0.690584573,,,400137271,0.667444444,1.66943753,3.011772661,16.71659716,1.926445035,3.955476798,75.68818456,2.434958864,8.657685741,412.1329227,1.702474852,3.868826722,106.9673455,1.95821059,7.074825764,274.5501217,2.484103489,13.37769761,1420.033759,,,,,,,,,,,,,,,,,,,,,,,,,,,,400137271,0.223,0.223177,0.22283,,,400137271,0.223,5.148758,6.246362
400137271,0.697737374,0.348913006,0.484988868,0.621641736,0.393570874,0.530704194,0.664925522,0.439301433,0.575467064,0.661360964,0.349123123,0.48453682,0.622531043,0.393290999,0.531334914,0.668392402,0.438395647,0.577074309,0.711866832,,,400137271,0.697737374,1.722421354,3.362387444,23.65667589,2.059344034,5.369073266,1425.37549,2.581123487,14.955394,5362.982462,1.865655763,3.463043306,718.9062935,2.343663709,20.36024291,708.9508438,4.433785461,156.740433,1795.47455,,,,,,,,,,,,,,,,,,,,,,,,,,,,400137271,0.233091,0.232986,0.233193,,,400137271,0.233091,5.653714,10.69734
400137271,0.728030303,0.363866985,0.502919791,0.636682118,0.40874876,0.545271705,0.682327118,0.454619652,0.591639205,0.727126754,0.363588517,0.501041443,0.636400328,0.409170537,0.546301716,0.680405376,0.45444418,0.590784403,0.714494764,,,400137271,0.728030303,1.844599699,4.23013326,213.7938763,2.318485906,8.919635819,126.8544892,2.719397764,28.01111138,536.0117963,1.837112175,4.987543307,941.8291371,2.246383259,13.57980567,916.4410573,2.87231922,97.07682955,8955.397039,,,,,,,,,,,,,,,,,,,,,,,,,,,,400137271,0.243182,0.243216,0.243191,,,400137271,0.243182,7.456789,17.11002
400137271,0.758323232,0.379028266,0.515233125,0.651229097,0.425403504,0.560952463,0.696001683,0.469392467,0.605846999,0.741034103,0.378642814,0.515987171,0.65111327,0.42505488,0.559560814,0.690584573,0.469873288,0.606096157,0.719297822,,,400137271,0.758323232,1.926445035,3.955476798,75.68818456,2.434958864,8.657685741,412.1329227,3.011772661,16.71659716,777.760672,1.95821059,7.074825764,274.5501217,2.484103489,13.37769761,1420.033759,3.868826722,106.9673455,2346.926636,,,,,,,,,,,,,,,,,,,,,,,,,,,,400137271,0.253273,0.25314,0.253222,,,400137271,0.253273,94.44297,18.6033
400137271,0.788616162,0.393570874,0.530704194,0.664925522,0.439301433,0.575467064,0.661360964,0.484988868,0.621641736,0.757126287,0.393290999,0.531334914,0.668392402,0.438395647,0.577074309,0.711866832,0.48453682,0.622531043,0.751537081,,,400137271,0.788616162,2.059344034,5.369073266,1425.37549,2.581123487,14.955394,5362.982462,3.362387444,23.65667589,1255.592942,2.343663709,20.36024291,708.9508438,4.433785461,156.740433,1795.47455,3.463043306,718.9062935,2376.189412,,,,,,,,,,,,,,,,,,,,,,,,,,,,400137271,0.263364,0.263305,0.263377,,,400137271,0.263364,10.06038,16.55295
400137271,0.818909091,0.40874876,0.545271705,0.682327118,0.454619652,0.591639205,0.727126754,0.502919791,0.636682118,0.675238051,0.409170537,0.546301716,0.680405376,0.45444418,0.590784403,0.714494764,0.501041443,0.636400328,0.724050759,,,400137271,0.818909091,2.318485906,8.919635819,126.8544892,2.719397764,28.01111138,536.0117963,4.23013326,213.7938763,6867.79518,2.246383259,13.57980567,916.4410573,2.87231922,97.07682955,8955.397039,4.987543307,941.8291371,11882.20764,,,,,,,,,,,,,,,,,,,,,,,,,,,,400137271,0.273455,0.273666,0.273503,,,400137271,0.273455,17.71531,39.54626
400137271,0.84920202,0.425403504,0.560952463,0.696001683,0.469392467,0.605846999,0.741034103,0.515233125,0.651229097,0.779925015,0.42505488,0.559560814,0.690584573,0.469873288,0.606096157,0.719297822,0.515987171,0.65111327,0.776611433,,,400137271,0.84920202,2.434958864,8.657685741,412.1329227,3.011772661,16.71659716,777.760672,3.955476798,75.68818456,8563.504665,2.484103489,13.37769761,1420.033759,3.868826722,106.9673455,2346.926636,7.074825764,274.5501217,5662.798592,,,,,,,,,,,,,,,,,,,,,,,,,,,,400137271,0.283545,0.283723,0.283226,,,400137271,0.283545,419.4807,169.6255
400137271,0.87949495,0.439301433,0.575467064,0.661360964,0.484988868,0.621641736,0.757126287,0.530704194,0.664925522,0.737452366,0.438395647,0.577074309,0.711866832,0.48453682,0.622531043,0.751537081,0.531334914,0.668392402,0.792930417,,,400137271,0.87949495,2.581123487,14.955394,5362.982462,3.362387444,23.65667589,1255.592942,5.369073266,1425.37549,27775.82153,4.433785461,156.740433,1795.47455,3.463043306,718.9062935,2376.189412,20.36024291,708.9508438,5022.165208,,,,,,,,,,,,,,,,,,,,,,,,,,,,400137271,0.293636,0.294006,0.293344,,,400137271,0.293636,81.29649,136.4967
400137271,0.909787879,0.454619652,0.591639205,0.727126754,0.502919791,0.636682118,0.675238051,0.545271705,0.682327118,0.812144702,0.45444418,0.590784403,0.714494764,0.501041443,0.636400328,0.724050759,0.546301716,0.680405376,0.701652966,,,400137271,0.909787879,2.719397764,28.01111138,536.0117963,4.23013326,213.7938763,6867.79518,8.919635819,126.8544892,1702.863541,2.87231922,97.07682955,8955.397039,4.987543307,941.8291371,11882.20764,13.57980567,916.4410573,8871.464021,,,,,,,,,,,,,,,,,,,,,,,,,,,,400137271,0.303727,0.303956,0.303969,,,400137271,0.303727,134.9416,1529.29
400137271,0.940080808,0.469392467,0.605846999,0.741034103,0.515233125,0.651229097,0.779925015,0.560952463,0.696001683,0.829535796,0.469873288,0.606096157,0.719297822,0.515987171,0.65111327,0.776611433,0.559560814,0.690584573,0.809211134,,,400137271,0.940080808,3.011772661,16.71659716,777.760672,3.955476798,75.68818456,8563.504665,8.657685741,412.1329227,5514.355288,3.868826722,106.9673455,2346.926636,7.074825764,274.5501217,5662.798592,13.37769761,1420.033759,11962.83796,,,,,,,,,,,,,,,,,,,,,,,,,,,,400137271,0.313818,0.313959,0.313508,,,400137271,0.313818,198.7012,1219.555
400137271,0.970373737,0.484988868,0.621641736,0.757126287,0.530704194,0.664925522,0.737452366,0.575467064,0.661360964,0.719784708,0.48453682,0.622531043,0.751537081,0.531334914,0.668392402,0.792930417,0.577074309,0.711866832,0.769609126,,,400137271,0.970373737,3.362387444,23.65667589,1255.592942,5.369073266,1425.37549,27775.82153,14.955394,5362.982462,1472.344246,3.463043306,718.9062935,2376.189412,20.36024291,708.9508438,5022.165208,156.740433,1795.47455,8458.28913,,,,,,,,,,,,,,,,,,,,,,,,,,,,400137271,0.323909,0.323931,0.320797,,,400137271,0.323909,966.5115,40469.48
400137271,1.000666667,0.502919791,0.636682118,0.675238051,0.545271705,0.682327118,0.812144702,0.591639205,0.727126754,0.853192594,0.501041443,0.636400328,0.724050759,0.546301716,0.680405376,0.701652966,0.590784403,0.714494764,0.800009252,,,400137271,1.000666667,4.23013326,213.7938763,6867.79518,8.919635819,126.8544892,1702.863541,28.01111138,536.0117963,1961.386022,4.987543307,941.8291371,11882.20764,13.57980567,916.4410573,8871.464021,97.07682955,8955.397039,9454.284669,,,,,,,,,,,,,,,,,,,,,,,,,,,,400137271,0.334,0.333566,0.331347,,,400137271,0.334,651.9431,60184.23
400137271,1.030959596,0.515233125,0.651229097,0.779925015,0.560952463,0.696001683,0.829535796,0.605846999,0.741034103,0.838722541,0.515987171,0.65111327,0.776611433,0.559560814,0.690584573,0.809211134,0.606096157,0.719297822,0.775118769,,,400137271,1.030959596,3.955476798,75.68818456,8563.504665,8.657685741,412.1329227,5514.355288,16.71659716,777.760672,8698.783829,7.074825764,274.5501217,5662.798592,13.37769761,1420.033759,11962.83796,106.9673455,2346.926636,9951.800886,,,,,,,,,,,,,,,,,,,,,,,,,,,,400137271,0.344091,0.343735,0.332538,,,400137271,0.344091,2498.947,25029.76
400137271,1.061252525,0.530704194,0.664925522,0.737452366,0.575467064,0.661360964,0.719784708,0.621641736,0.757126287,0.878012283,0.531334914,0.668392402,0.792930417,0.577074309,0.711866832,0.769609126,0.622531043,0.751537081,0.810999812,,,400137271,1.061252525,5.369073266,1425.37549,27775.82153,14.955394,5362.982462,1472.344246,23.65667589,1255.592942,5988.602178,20.36024291,708.9508438,5022.165208,156.740433,1795.47455,8458.28913,718.9062935,2376.189412,26410.70187,,,,,,,,,,,,,,,,,,,,,,,,,,,,400137271,0.354182,0.354328,0.341583,,,400137271,0.354182,4995.116,18953.66
400137271,1.091545455,0.545271705,0.682327118,0.812144702,0.591639205,0.727126754,0.853192594,0.636682118,0.675238051,0.898692806,0.546301716,0.680405376,0.701652966,0.590784403,0.714494764,0.800009252,0.636400328,0.724050759,0.868208838,,,400137271,1.091545455,8.919635819,126.8544892,1702.863541,28.01111138,536.0117963,1961.386022,213.7938763,6867.79518,6433.971946,13.57980567,916.4410573,8871.464021,97.07682955,8955.397039,9454.284669,941.8291371,11882.20764,14629.89582,,,,,,,,,,,,,,,,,,,,,,,,,,,,400137271,0.364273,0.364323,0.352088,,,400137271,0.364273,2542.883,10563.29
400137271,1.121838384,0.560952463,0.696001683,0.829535796,0.605846999,0.741034103,0.838722541,0.651229097,0.779925015,0.860919101,0.559560814,0.690584573,0.809211134,0.606096157,0.719297822,0.775118769,0.65111327,0.776611433,0.898296942,,,400137271,1.121838384,8.657685741,412.1329227,5514.355288,16.71659716,777.760672,8698.783829,75.68818456,8563.504665,8538.922733,13.37769761,1420.033759,11962.83796,106.9673455,2346.926636,9951.800886,274.5501217,5662.798592,13455.52608,,,,,,,,,,,,,,,,,,,,,,,,,,,,400137271,0.374364,0.371442,0.367201,,,400137271,0.374364,2879.997,10383.21
400137271,1.152131313,0.575467064,0.661360964,0.719784708,0.621641736,0.757126287,0.878012283,0.664925522,0.737452366,0.860047772,0.577074309,0.711866832,0.769609126,0.622531043,0.751537081,0.810999812,0.668392402,0.792930417,0.829755853,,,400137271,1.152131313,14.955394,5362.982462,1472.344246,23.65667589,1255.592942,5988.602178,1425.37549,27775.82153,21238.24629,156.740433,1795.47455,8458.28913,718.9062935,2376.189412,26410.70187,708.9508438,5022.165208,30016.70454,,,,,,,,,,,,,,,,,,,,,,,,,,,,400137271,0.384455,0.382861,0.38028,,,400137271,0.384455,63809.45,51287.64
400137271,1.182424242,0.591639205,0.727126754,0.853192594,0.636682118,0.675238051,0.898692806,0.682327118,0.812144702,0.787235066,0.590784403,0.714494764,0.800009252,0.636400328,0.724050759,0.868208838,0.680405376,0.701652966,0.834945818,,,400137271,1.182424242,28.01111138,536.0117963,1961.386022,213.7938763,6867.79518,6433.971946,126.8544892,1702.863541,8179.653002,97.07682955,8955.397039,9454.284669,941.8291371,11882.20764,14629.89582,916.4410573,8871.464021,18026.12293,,,,,,,,,,,,,,,,,,,,,,,,,,,,400137271,0.394545,0.394016,0.38974,,,400137271,0.394545,6007.704,27566.36
400137271,1.212717172,0.605846999,0.741034103,0.838722541,0.651229097,0.779925015,0.860919101,0.696001683,0.829535796,0.940455641,0.606096157,0.719297822,0.775118769,0.65111327,0.776611433,0.898296942,0.690584573,0.809211134,0.874642825,,,400137271,1.212717172,16.71659716,777.760672,8698.783829,75.68818456,8563.504665,8538.922733,412.1329227,5514.355288,14063.78316,106.9673455,2346.926636,9951.800886,274.5501217,5662.798592,13455.52608,1420.033759,11962.83796,9893.704131,,,,,,,,,,,,,,,,,,,,,,,,,,,,400137271,0.404636,0.401496,0.401684,,,400137271,0.404636,6260.29,40463.2
400137271,1.243010101,0.621641736,0.757126287,0.878012283,0.664925522,0.737452366,0.860047772,0.661360964,0.719784708,0.80712455,0.622531043,0.751537081,0.810999812,0.668392402,0.792930417,0.829755853,0.711866832,0.769609126,0.851972105,,,400137271,1.243010101,23.65667589,1255.592942,5988.602178,1425.37549,27775.82153,21238.24629,5362.982462,1472.344246,3826.912181,718.9062935,2376.189412,26410.70187,708.9508438,5022.165208,30016.70454,1795.47455,8458.28913,9656.077072,,,,,,,,,,,,,,,,,,,,,,,,,,,,400137271,0.414727,0.386601,0.402068,,,400137271,0.414727,133030.1,74183.61
400137271,1.27330303,0.636682118,0.675238051,0.898692806,0.682327118,0.812144702,0.787235066,0.727126754,0.853192594,0.934907457,0.636400328,0.724050759,0.868208838,0.680405376,0.701652966,0.834945818,0.714494764,0.800009252,0.886949588,,,400137271,1.27330303,213.7938763,6867.79518,6433.971946,126.8544892,1702.863541,8179.653002,536.0117963,1961.386022,18245.2455,941.8291371,11882.20764,14629.89582,916.4410573,8871.464021,18026.12293,8955.397039,9454.284669,6966.193393,,,,,,,,,,,,,,,,,,,,,,,,,,,,400137271,0.424818,0.388198,0.385198,,,400137271,0.424818,19801.52,20615.56
400137271,1.30359596,0.651229097,0.779925015,0.860919101,0.696001683,0.829535796,0.940455641,0.741034103,0.838722541,0.861694959,0.65111327,0.776611433,0.898296942,0.690584573,0.809211134,0.874642825,0.719297822,0.775118769,0.854987554,,,400137271,1.30359596,75.68818456,8563.504665,8538.922733,412.1329227,5514.355288,14063.78316,777.760672,8698.783829,14078.19807,274.5501217,5662.798592,13455.52608,1420.033759,11962.83796,9893.704131,2346.926636,9951.800886,48817.69215,,,,,,,,,,,,,,,,,,,,,,,,,,,,400137271,0.434909,0.423187,0.417565,,,400137271,0.434909,44911.74,75818.77
400137271,1.333888889,0.664925522,0.737452366,0.860047772,0.661360964,0.719784708,0.80712455,0.757126287,0.878012283,0.862869661,0.668392402,0.792930417,0.829755853,0.711866832,0.769609126,0.851972105,0.751537081,0.810999812,0.924998212,,,400137271,1.333888889,1425.37549,27775.82153,21238.24629,5362.982462,1472.344246,3826.912181,1255.592942,5988.602178,4284.243211,708.9508438,5022.165208,30016.70454,1795.47455,8458.28913,9656.077072,2376.189412,26410.70187,25479.17434,,,,,,,,,,,,,,,,,,,,,,,,,,,,400137271,0.445,0.438454,0.419813,,,400137271,0.445,24897,42851.34
400137271,1.364181818,0.682327118,0.812144702,0.787235066,0.727126754,0.853192594,0.934907457,0.675238051,0.898692806,0.916023869,0.680405376,0.701652966,0.834945818,0.714494764,0.800009252,0.886949588,0.724050759,0.868208838,0.901710713,,,400137271,1.364181818,126.8544892,1702.863541,8179.653002,536.0117963,1961.386022,18245.2455,6867.79518,6433.971946,18360.32663,916.4410573,8871.464021,18026.12293,8955.397039,9454.284669,6966.193393,11882.20764,14629.89582,16867.72479,,,,,,,,,,,,,,,,,,,,,,,,,,,,400137271,0.455091,0.432707,0.407965,,,400137271,0.455091,26924.89,42594.67
400137271,1.394474748,0.696001683,0.829535796,0.940455641,0.741034103,0.838722541,0.861694959,0.779925015,0.860919101,0.907643902,0.690584573,0.809211134,0.874642825,0.719297822,0.775118769,0.854987554,0.776611433,0.898296942,0.928196448,,,400137271,1.394474748,412.1329227,5514.355288,14063.78316,777.760672,8698.783829,14078.19807,8563.504665,8538.922733,10286.3209,1420.033759,11962.83796,9893.704131,2346.926636,9951.800886,48817.69215,5662.798592,13455.52608,24554.95629,,,,,,,,,,,,,,,,,,,,,,,,,,,,400137271,0.465182,0.43982,0.422731,,,400137271,0.465182,13685.08,66314
400137271,1.424767677,0.661360964,0.719784708,0.80712455,0.757126287,0.878012283,0.862869661,0.737452366,0.860047772,0.870296184,0.711866832,0.769609126,0.851972105,0.751537081,0.810999812,0.924998212,0.792930417,0.829755853,0.92236571,,,400137271,1.424767677,5362.982462,1472.344246,3826.912181,1255.592942,5988.602178,4284.243211,27775.82153,21238.24629,7449.389219,1795.47455,8458.28913,9656.077072,2376.189412,26410.70187,25479.17434,5022.165208,30016.70454,15877.19395,,,,,,,,,,,,,,,,,,,,,,,,,,,,400137271,0.475273,0.408711,0.422478,,,400137271,0.475273,10074.46,20335.2
400137271,1.455060606,0.727126754,0.853192594,0.934907457,0.675238051,0.898692806,0.916023869,0.812144702,0.787235066,0.80110912,0.714494764,0.800009252,0.886949588,0.724050759,0.868208838,0.901710713,0.701652966,0.834945818,0.934980464,,,400137271,1.455060606,536.0117963,1961.386022,18245.2455,6867.79518,6433.971946,18360.32663,1702.863541,8179.653002,4791.095657,8955.397039,9454.284669,6966.193393,11882.20764,14629.89582,16867.72479,8871.464021,18026.12293,17846.51975,,,,,,,,,,,,,,,,,,,,,,,,,,,,400137271,0.485364,0.474657,0.427333,,,400137271,0.485364,59519.55,47639.64
400137271,1.485353535,0.741034103,0.838722541,0.861694959,0.779925015,0.860919101,0.907643902,0.829535796,0.940455641,0.979340313,0.719297822,0.775118769,0.854987554,0.776611433,0.898296942,0.928196448,0.809211134,0.874642825,0.934285746,,,400137271,1.485353535,777.760672,8698.783829,14078.19807,8563.504665,8538.922733,10286.3209,5514.355288,14063.78316,24285.39543,2346.926636,9951.800886,48817.69215,5662.798592,13455.52608,24554.95629,11962.83796,9893.704131,11206.8646,,,,,,,,,,,,,,,,,,,,,,,,,,,,400137271,0.495455,0.459873,0.476956,,,400137271,0.495455,48701.96,105289.9
400137271,1.515646465,0.757126287,0.878012283,0.862869661,0.737452366,0.860047772,0.870296184,0.719784708,0.80712455,0.950492436,0.751537081,0.810999812,0.924998212,0.792930417,0.829755853,0.92236571,0.769609126,0.851972105,0.982065519,,,400137271,1.515646465,1255.592942,5988.602178,4284.243211,27775.82153,21238.24629,7449.389219,1472.344246,3826.912181,36764.87575,2376.189412,26410.70187,25479.17434,5022.165208,30016.70454,15877.19395,8458.28913,9656.077072,13008.79165,,,,,,,,,,,,,,,,,,,,,,,,,,,,400137271,0.505545,0.491141,0.458243,,,400137271,0.505545,45023.49,40390.09
400137271,1.545939394,0.675238051,0.898692806,0.916023869,0.812144702,0.787235066,0.80110912,0.853192594,0.934907457,0.97607671,0.724050759,0.868208838,0.901710713,0.701652966,0.834945818,0.934980464,0.800009252,0.886949588,0.922177113,,,400137271,1.545939394,6867.79518,6433.971946,18360.32663,1702.863541,8179.653002,4791.095657,1961.386022,18245.2455,37892.3227,11882.20764,14629.89582,16867.72479,8871.464021,18026.12293,17846.51975,9454.284669,6966.193393,17484.55947,,,,,,,,,,,,,,,,,,,,,,,,,,,,400137271,0.515636,0.469076,0.461647,,,400137271,0.515636,72917.97,56732.32
400137271,1.576232323,0.779925015,0.860919101,0.907643902,0.829535796,0.940455641,0.979340313,0.838722541,0.861694959,0.944481609,0.776611433,0.898296942,0.928196448,0.809211134,0.874642825,0.934285746,0.775118769,0.854987554,0.921010179,,,400137271,1.576232323,8563.504665,8538.922733,10286.3209,5514.355288,14063.78316,24285.39543,8698.783829,14078.19807,10150.92113,5662.798592,13455.52608,24554.95629,11962.83796,9893.704131,11206.8646,9951.800886,48817.69215,21222.75719,,,,,,,,,,,,,,,,,,,,,,,,,,,,400137271,0.525727,0.454397,0.441457,,,400137271,0.525727,69093.18,119240
400137271,1.606525253,0.737452366,0.860047772,0.870296184,0.719784708,0.80712455,0.950492436,0.878012283,0.862869661,0.990837048,0.792930417,0.829755853,0.92236571,0.769609126,0.851972105,0.982065519,0.810999812,0.924998212,0.9526932,,,400137271,1.606525253,27775.82153,21238.24629,7449.389219,1472.344246,3826.912181,36764.87575,5988.602178,4284.243211,37395.75247,5022.165208,30016.70454,15877.19395,8458.28913,9656.077072,13008.79165,26410.70187,25479.17434,44457.29139,,,,,,,,,,,,,,,,,,,,,,,,,,,,400137271,0.535818,0.455381,0.487745,,,400137271,0.535818,23627.9,105568.6
400137271,1.636818182,0.812144702,0.787235066,0.80110912,0.853192594,0.934907457,0.97607671,0.898692806,0.916023869,0.967634019,0.701652966,0.834945818,0.934980464,0.800009252,0.886949588,0.922177113,0.868208838,0.901710713,0.984287565,,,400137271,1.636818182,1702.863541,8179.653002,4791.095657,1961.386022,18245.2455,37892.3227,6433.971946,18360.32663,17441.57398,8871.464021,18026.12293,17846.51975,9454.284669,6966.193393,17484.55947,14629.89582,16867.72479,33954.57524,,,,,,,,,,,,,,,,,,,,,,,,,,,,400137271,0.545909,0.451242,0.462549,,,400137271,0.545909,44887.79,114535.5
400137271,1.667111111,0.829535796,0.940455641,0.979340313,0.838722541,0.861694959,0.944481609,0.860919101,0.907643902,0.975101944,0.809211134,0.874642825,0.934285746,0.775118769,0.854987554,0.921010179,0.898296942,0.928196448,0.914354467,,,400137271,1.667111111,5514.355288,14063.78316,24285.39543,8698.783829,14078.19807,10150.92113,8538.922733,10286.3209,10948.62398,11962.83796,9893.704131,11206.8646,9951.800886,48817.69215,21222.75719,13455.52608,24554.95629,22837.89839,,,,,,,,,,,,,,,,,,,,,,,,,,,,400137271,0.556,0.48724,0.465287,,,400137271,0.556,44084.24,93982.06
400137271,1.69740404,0.719784708,0.80712455,0.950492436,0.878012283,0.862869661,0.990837048,0.860047772,0.870296184,0.989584841,0.769609126,0.851972105,0.982065519,0.810999812,0.924998212,0.9526932,0.829755853,0.92236571,0.986601627,,,400137271,1.69740404,1472.344246,3826.912181,36764.87575,5988.602178,4284.243211,37395.75247,21238.24629,7449.389219,40999.17152,8458.28913,9656.077072,13008.79165,26410.70187,25479.17434,44457.29139,30016.70454,15877.19395,38199.98858,,,,,,,,,,,,,,,,,,,,,,,,,,,,400137271,0.566091,0.471514,0.473324,,,400137271,0.566091,151562.1,86210.41
400137271,1.72769697,0.853192594,0.934907457,0.97607671,0.898692806,0.916023869,0.967634019,0.787235066,0.80110912,0.993254997,0.800009252,0.886949588,0.922177113,0.868208838,0.901710713,0.984287565,0.834945818,0.934980464,0.971413488,,,400137271,1.72769697,1961.386022,18245.2455,37892.3227,6433.971946,18360.32663,17441.57398,8179.653002,4791.095657,23056.37327,9454.284669,6966.193393,17484.55947,14629.89582,16867.72479,33954.57524,18026.12293,17846.51975,28495.09178,,,,,,,,,,,,,,,,,,,,,,,,,,,,400137271,0.576182,0.505482,0.510788,,,400137271,0.576182,183578.6,99052.24
400137271,1.757989899,0.838722541,0.861694959,0.944481609,0.860919101,0.907643902,0.975101944,0.940455641,0.979340313,0.964238018,0.775118769,0.854987554,0.921010179,0.898296942,0.928196448,0.914354467,0.874642825,0.934285746,0.997307948,,,400137271,1.757989899,8698.783829,14078.19807,10150.92113,8538.922733,10286.3209,10948.62398,14063.78316,24285.39543,12961.73534,9951.800886,48817.69215,21222.75719,13455.52608,24554.95629,22837.89839,9893.704131,11206.8646,46042.22467,,,,,,,,,,,,,,,,,,,,,,,,,,,,400137271,0.586273,0.534661,0.480186,,,400137271,0.586273,65175.47,79131.72
400137271,1.788282828,0.878012283,0.862869661,0.990837048,0.860047772,0.870296184,0.989584841,0.80712455,0.950492436,0.921852341,0.810999812,0.924998212,0.9526932,0.829755853,0.92236571,0.986601627,0.851972105,0.982065519,0.98377126,,,400137271,1.788282828,5988.602178,4284.243211,37395.75247,21238.24629,7449.389219,40999.17152,3826.912181,36764.87575,12980.62815,26410.70187,25479.17434,44457.29139,30016.70454,15877.19395,38199.98858,9656.077072,13008.79165,50563.15627,,,,,,,,,,,,,,,,,,,,,,,,,,,,400137271,0.596364,0.378979,0.4897,,,400137271,0.596364,3640.777,87895.6
400137271,1.818575758,0.898692806,0.916023869,0.967634019,0.787235066,0.80110912,0.993254997,0.934907457,0.97607671,0.906175588,0.868208838,0.901710713,0.984287565,0.834945818,0.934980464,0.971413488,0.886949588,0.922177113,0.996609518,,,400137271,1.818575758,6433.971946,18360.32663,17441.57398,8179.653002,4791.095657,23056.37327,18245.2455,37892.3227,42466.09406,14629.89582,16867.72479,33954.57524,18026.12293,17846.51975,28495.09178,6966.193393,17484.55947,41131.95097,,,,,,,,,,,,,,,,,,,,,,,,,,,,400137271,0.606455,0.52438,0.488007,,,400137271,0.606455,93709.29,45098.34
400137271,1.848868687,0.860919101,0.907643902,0.975101944,0.940455641,0.979340313,0.964238018,0.861694959,0.944481609,0.981050955,0.898296942,0.928196448,0.914354467,0.874642825,0.934285746,0.997307948,0.854987554,0.921010179,0.970215911,,,400137271,1.848868687,8538.922733,10286.3209,10948.62398,14063.78316,24285.39543,12961.73534,14078.19807,10150.92113,29859.43746,13455.52608,24554.95629,22837.89839,9893.704131,11206.8646,46042.22467,48817.69215,21222.75719,34580.80117,,,,,,,,,,,,,,,,,,,,,,,,,,,,400137271,0.616545,0.52293,0.508119,,,400137271,0.616545,157388.9,121096.1
400137271,1.879161616,0.860047772,0.870296184,0.989584841,0.80712455,0.950492436,0.921852341,0.862869661,0.990837048,0.997729772,0.829755853,0.92236571,0.986601627,0.851972105,0.982065519,0.98377126,0.924998212,0.9526932,0.915440115,,,400137271,1.879161616,21238.24629,7449.389219,40999.17152,3826.912181,36764.87575,12980.62815,4284.243211,37395.75247,50033.85309,30016.70454,15877.19395,38199.98858,9656.077072,13008.79165,50563.15627,25479.17434,44457.29139,55517.46089,,,,,,,,,,,,,,,,,,,,,,,,,,,,400137271,0.626636,0.533441,0.508891,,,400137271,0.626636,59261.76,95527.44
400137271,1.909454546,0.787235066,0.80110912,0.993254997,0.934907457,0.97607671,0.906175588,0.916023869,0.967634019,0.993903992,0.834945818,0.934980464,0.971413488,0.886949588,0.922177113,0.996609518,0.901710713,0.984287565,0.996742032,,,400137271,1.909454546,8179.653002,4791.095657,23056.37327,18245.2455,37892.3227,42466.09406,18360.32663,17441.57398,39037.00912,18026.12293,17846.51975,28495.09178,6966.193393,17484.55947,41131.95097,16867.72479,33954.57524,56985.59667,,,,,,,,,,,,,,,,,,,,,,,,,,,,400137271,0.636727,0.512471,0.523894,,,400137271,0.636727,126102.2,53587.49
400137271,1.939747475,0.940455641,0.979340313,0.964238018,0.861694959,0.944481609,0.981050955,0.907643902,0.975101944,0.976165257,0.874642825,0.934285746,0.997307948,0.854987554,0.921010179,0.970215911,0.928196448,0.914354467,0.989492475,,,400137271,1.939747475,14063.78316,24285.39543,12961.73534,14078.19807,10150.92113,29859.43746,10286.3209,10948.62398,69360.74919,9893.704131,11206.8646,46042.22467,48817.69215,21222.75719,34580.80117,24554.95629,22837.89839,48799.06647,,,,,,,,,,,,,,,,,,,,,,,,,,,,400137271,0.646818,0.516159,0.506195,,,400137271,0.646818,62589.01,101018.1
400137271,1.970040404,0.80712455,0.950492436,0.921852341,0.862869661,0.990837048,0.997729772,0.870296184,0.989584841,0.980944507,0.851972105,0.982065519,0.98377126,0.924998212,0.9526932,0.915440115,0.92236571,0.986601627,0.998131698,,,400137271,1.970040404,3826.912181,36764.87575,12980.62815,4284.243211,37395.75247,50033.85309,7449.389219,40999.17152,62309.49141,9656.077072,13008.79165,50563.15627,25479.17434,44457.29139,55517.46089,15877.19395,38199.98858,33272.02603,,,,,,,,,,,,,,,,,,,,,,,,,,,,400137271,0.656909,0.535501,0.551125,,,400137271,0.656909,221390.7,70117.44
400137271,2.000333333,0.934907457,0.97607671,0.906175588,0.916023869,0.967634019,0.993903992,0.80110912,0.993254997,0.928424933,0.886949588,0.922177113,0.996609518,0.901710713,0.984287565,0.996742032,0.934980464,0.971413488,0.987703585,,,400137271,2.000333333,18245.2455,37892.3227,42466.09406,18360.32663,17441.57398,39037.00912,4791.095657,23056.37327,10435.39977,6966.193393,17484.55947,41131.95097,16867.72479,33954.57524,56985.59667,17846.51975,28495.09178,43519.74719,,,,,,,,,,,,,,,,,,,,,,,,,,,,400137271,0.667,0.572615,0.585085,,,400137271,0.667,151742.3,87237.39
400137271,2.030626263,0.861694959,0.944481609,0.981050955,0.907643902,0.975101944,0.976165257,0.979340313,0.964238018,0.991521805,0.854987554,0.921010179,0.970215911,0.928196448,0.914354467,0.989492475,0.934285746,0.997307948,0.999690606,,,400137271,2.030626263,14078.19807,10150.92113,29859.43746,10286.3209,10948.62398,69360.74919,24285.39543,12961.73534,66016.24714,48817.69215,21222.75719,34580.80117,24554.95629,22837.89839,48799.06647,11206.8646,46042.22467,48840.8923,,,,,,,,,,,,,,,,,,,,,,,,,,,,400137271,0.677091,0.549181,0.590655,,,400137271,0.677091,110572,108987.7
400137271,2.060919192,0.862869661,0.990837048,0.997729772,0.870296184,0.989584841,0.980944507,0.950492436,0.921852341,0.999686509,0.924998212,0.9526932,0.915440115,0.92236571,0.986601627,0.998131698,0.982065519,0.98377126,0.999702073,,,400137271,2.060919192,4284.243211,37395.75247,50033.85309,7449.389219,40999.17152,62309.49141,36764.87575,12980.62815,46356.886,25479.17434,44457.29139,55517.46089,15877.19395,38199.98858,33272.02603,13008.79165,50563.15627,48604.05691,,,,,,,,,,,,,,,,,,,,,,,,,,,,400137271,0.687182,0.550295,0.557576,,,400137271,0.687182,145689,172621.7
400137271,2.091212121,0.916023869,0.967634019,0.993903992,0.80110912,0.993254997,0.928424933,0.97607671,0.906175588,0.999036918,0.901710713,0.984287565,0.996742032,0.934980464,0.971413488,0.987703585,0.922177113,0.996609518,0.998386953,,,400137271,2.091212121,18360.32663,17441.57398,39037.00912,4791.095657,23056.37327,10435.39977,37892.3227,42466.09406,57465.50089,16867.72479,33954.57524,56985.59667,17846.51975,28495.09178,43519.74719,17484.55947,41131.95097,32986.49098,,,,,,,,,,,,,,,,,,,,,,,,,,,,400137271,0.697273,0.540556,0.54758,,,400137271,0.697273,79749.06,75329.35
400137271,2.121505051,0.907643902,0.975101944,0.976165257,0.979340313,0.964238018,0.991521805,0.944481609,0.981050955,0.999918231,0.928196448,0.914354467,0.989492475,0.934285746,0.997307948,0.999690606,0.921010179,0.970215911,0.896030434,,,400137271,2.121505051,10286.3209,10948.62398,69360.74919,24285.39543,12961.73534,66016.24714,10150.92113,29859.43746,59546.82289,24554.95629,22837.89839,48799.06647,11206.8646,46042.22467,48840.8923,21222.75719,34580.80117,79960.25434,,,,,,,,,,,,,,,,,,,,,,,,,,,,400137271,0.707364,0.550857,0.521862,,,400137271,0.707364,75243.22,70065.44
400137271,2.15179798,0.870296184,0.989584841,0.980944507,0.950492436,0.921852341,0.999686509,0.990837048,0.997729772,0.997655187,0.92236571,0.986601627,0.998131698,0.982065519,0.98377126,0.999702073,0.9526932,0.915440115,0.994895506,,,400137271,2.15179798,7449.389219,40999.17152,62309.49141,36764.87575,12980.62815,46356.886,37395.75247,50033.85309,70221.73068,15877.19395,38199.98858,33272.02603,13008.79165,50563.15627,48604.05691,44457.29139,55517.46089,53813.60148,,,,,,,,,,,,,,,,,,,,,,,,,,,,400137271,0.717455,0.606002,0.581642,,,400137271,0.717455,135416.5,152601.3
400137271,2.182090909,0.80110912,0.993254997,0.928424933,0.97607671,0.906175588,0.999036918,0.967634019,0.993903992,0.996609798,0.934980464,0.971413488,0.987703585,0.922177113,0.996609518,0.998386953,0.984287565,0.996742032,0.999787341,,,400137271,2.182090909,4791.095657,23056.37327,10435.39977,37892.3227,42466.09406,57465.50089,17441.57398,39037.00912,48580.96961,17846.51975,28495.09178,43519.74719,17484.55947,41131.95097,32986.49098,33954.57524,56985.59667,67989.53508,,,,,,,,,,,,,,,,,,,,,,,,,,,,400137271,0.727545,0.534477,0.528886,,,400137271,0.727545,302152.7,110227.9
400137271,2.212383838,0.979340313,0.964238018,0.991521805,0.944481609,0.981050955,0.999918231,0.975101944,0.976165257,0.999785529,0.934285746,0.997307948,0.999690606,0.921010179,0.970215911,0.896030434,0.914354467,0.989492475,0.999827319,,,400137271,2.212383838,24285.39543,12961.73534,66016.24714,10150.92113,29859.43746,59546.82289,10948.62398,69360.74919,70000.1837,11206.8646,46042.22467,48840.8923,21222.75719,34580.80117,79960.25434,22837.89839,48799.06647,51405.24356,,,,,,,,,,,,,,,,,,,,,,,,,,,,400137271,0.737636,0.597643,0.475475,,,400137271,0.737636,145467.3,89257.19
400137271,2.242676768,0.950492436,0.921852341,0.999686509,0.990837048,0.997729772,0.997655187,0.989584841,0.980944507,0.999916341,0.982065519,0.98377126,0.999702073,0.9526932,0.915440115,0.994895506,0.986601627,0.998131698,0.998485368,,,400137271,2.242676768,36764.87575,12980.62815,46356.886,37395.75247,50033.85309,70221.73068,40999.17152,62309.49141,76332.47439,13008.79165,50563.15627,48604.05691,44457.29139,55517.46089,53813.60148,38199.98858,33272.02603,72307.82913,,,,,,,,,,,,,,,,,,,,,,,,,,,,400137271,0.747727,0.559273,0.573103,,,400137271,0.747727,80963.36,147653.2
400137271,2.272969697,0.97607671,0.906175588,0.999036918,0.967634019,0.993903992,0.996609798,0.993254997,0.928424933,0.99816677,0.922177113,0.996609518,0.998386953,0.984287565,0.996742032,0.999787341,0.971413488,0.987703585,0.999542318,,,400137271,2.272969697,37892.3227,42466.09406,57465.50089,17441.57398,39037.00912,48580.96961,23056.37327,10435.39977,78253.31526,17484.55947,41131.95097,32986.49098,33954.57524,56985.59667,67989.53508,28495.09178,43519.74719,65964.82176,,,,,,,,,,,,,,,,,,,,,,,,,,,,400137271,0.757818,0.614141,0.610125,,,400137271,0.757818,144908.9,165221.7
400137271,2.303262626,0.944481609,0.981050955,0.999918231,0.975101944,0.976165257,0.999785529,0.964238018,0.991521805,0.99998098,0.921010179,0.970215911,0.896030434,0.914354467,0.989492475,0.999827319,0.997307948,0.999690606,0.999923068,,,400137271,2.303262626,10150.92113,29859.43746,59546.82289,10948.62398,69360.74919,70000.1837,12961.73534,66016.24714,221201.2386,21222.75719,34580.80117,79960.25434,22837.89839,48799.06647,51405.24356,46042.22467,48840.8923,227469.9394,,,,,,,,,,,,,,,,,,,,,,,,,,,,400137271,0.767909,0.535143,0.545188,,,400137271,0.767909,113005.1,135606.9
400137271,2.333555556,0.990837048,0.997729772,0.997655187,0.989584841,0.980944507,0.999916341,0.921852341,0.999686509,0.999956788,0.9526932,0.915440115,0.994895506,0.986601627,0.998131698,0.998485368,0.98377126,0.999702073,0.999970351,,,400137271,2.333555556,37395.75247,50033.85309,70221.73068,40999.17152,62309.49141,76332.47439,12980.62815,46356.886,269983.5892,44457.29139,55517.46089,53813.60148,38199.98858,33272.02603,72307.82913,50563.15627,48604.05691,282719.4018,,,,,,,,,,,,,,,,,,,,,,,,,,,,400137271,0.778,0.5123,0.523472,,,400137271,0.778,121589.3,74948.64
400137271,2.363848485,0.967634019,0.993903992,0.996609798,0.993254997,0.928424933,0.99816677,0.906175588,0.999036918,0.999982844,0.984287565,0.996742032,0.999787341,0.971413488,0.987703585,0.999542318,0.996609518,0.998386953,0.999949886,,,400137271,2.363848485,17441.57398,39037.00912,48580.96961,23056.37327,10435.39977,78253.31526,42466.09406,57465.50089,276276.4785,33954.57524,56985.59667,67989.53508,28495.09178,43519.74719,65964.82176,41131.95097,32986.49098,240540.8977,,,,,,,,,,,,,,,,,,,,,,,,,,,,400137271,0.788091,0.662935,0.552589,,,400137271,0.788091,136484.6,146119.9
400137271,2.394141414,0.975101944,0.976165257,0.999785529,0.964238018,0.991521805,0.99998098,0.981050955,0.999918231,0.999976804,0.914354467,0.989492475,0.999827319,0.997307948,0.999690606,0.999923068,0.970215911,0.896030434,0.999938008,,,400137271,2.394141414,10948.62398,69360.74919,70000.1837,12961.73534,66016.24714,221201.2386,29859.43746,59546.82289,447178.4601,22837.89839,48799.06647,51405.24356,46042.22467,48840.8923,227469.9394,34580.80117,79960.25434,412881.4885,,,,,,,,,,,,,,,,,,,,,,,,,,,,400137271,0.798182,0.594657,0.527685,,,400137271,0.798182,209224.1,127552.4
400137271,2.424434343,0.989584841,0.980944507,0.999916341,0.921852341,0.999686509,0.999956788,0.997729772,0.997655187,0.999983703,0.986601627,0.998131698,0.998485368,0.98377126,0.999702073,0.999970351,0.915440115,0.994895506,0.999977738,,,400137271,2.424434343,40999.17152,62309.49141,76332.47439,12980.62815,46356.886,269983.5892,50033.85309,70221.73068,445898.5986,38199.98858,33272.02603,72307.82913,50563.15627,48604.05691,282719.4018,55517.46089,53813.60148,436573.5713,,,,,,,,,,,,,,,,,,,,,,,,,,,,400137271,0.808273,0.571988,0.569549,,,400137271,0.808273,126151.7,153240.1
400137271,2.454727273,0.993254997,0.928424933,0.99816677,0.906175588,0.999036918,0.999982844,0.993903992,0.996609798,0.999960756,0.971413488,0.987703585,0.999542318,0.996609518,0.998386953,0.999949886,0.996742032,0.999787341,0.999969642,,,400137271,2.454727273,23056.37327,10435.39977,78253.31526,42466.09406,57465.50089,276276.4785,39037.00912,48580.96961,453723.1527,28495.09178,43519.74719,65964.82176,41131.95097,32986.49098,240540.8977,56985.59667,67989.53508,420971.7589,,,,,,,,,,,,,,,,,,,,,,,,,,,,400137271,0.818364,0.573866,0.626777,,,400137271,0.818364,148373.5,150403.2
400137271,2.485020202,0.964238018,0.991521805,0.99998098,0.981050955,0.999918231,0.999976804,0.976165257,0.999785529,0.346135774,0.997307948,0.999690606,0.999923068,0.970215911,0.896030434,0.999938008,0.989492475,0.999827319,0.435312864,,,400137271,2.485020202,12961.73534,66016.24714,221201.2386,29859.43746,59546.82289,447178.4601,69360.74919,70000.1837,235704.7596,46042.22467,48840.8923,227469.9394,34580.80117,79960.25434,412881.4885,48799.06647,51405.24356,193265.7678,,,,,,,,,,,,,,,,,,,,,,,,,,,,400137271,0.828455,0.538096,0.603242,,,400137271,0.828455,162430,112824.1
400137271,2.515313131,0.921852341,0.999686509,0.999956788,0.997729772,0.997655187,0.999983703,0.980944507,0.999916341,0.431181423,0.98377126,0.999702073,0.999970351,0.915440115,0.994895506,0.999977738,0.998131698,0.998485368,0.388852852,,,400137271,2.515313131,12980.62815,46356.886,269983.5892,50033.85309,70221.73068,445898.5986,62309.49141,76332.47439,132294.1392,50563.15627,48604.05691,282719.4018,55517.46089,53813.60148,436573.5713,33272.02603,72307.82913,269846.6073,,,,,,,,,,,,,,,,,,,,,,,,,,,,400137271,0.838545,0.63772,0.623761,,,400137271,0.838545,214841.7,176243.2
400137271,2.545606061,0.906175588,0.999036918,0.999982844,0.993903992,0.996609798,0.999960756,0.928424933,0.99816677,0.427659018,0.996609518,0.998386953,0.999949886,0.996742032,0.999787341,0.999969642,0.987703585,0.999542318,0.415330418,,,400137271,2.545606061,42466.09406,57465.50089,276276.4785,39037.00912,48580.96961,453723.1527,10435.39977,78253.31526,271640.4312,41131.95097,32986.49098,240540.8977,56985.59667,67989.53508,420971.7589,43519.74719,65964.82176,164276.3992,,,,,,,,,,,,,,,,,,,,,,,,,,,,400137271,0.848636,0.578996,0.603724,,,400137271,0.848636,97166.94,189173.5
400137271,2.57589899,0.981050955,0.999918231,0.999976804,0.976165257,0.999785529,0.346135774,0.991521805,0.99998098,0.489982896,0.970215911,0.896030434,0.999938008,0.989492475,0.999827319,0.435312864,0.999690606,0.999923068,0.471344817,,,400137271,2.57589899,29859.43746,59546.82289,447178.4601,69360.74919,70000.1837,235704.7596,66016.24714,221201.2386,171208.1697,34580.80117,79960.25434,412881.4885,48799.06647,51405.24356,193265.7678,48840.8923,227469.9394,529369.9777,,,,,,,,,,,,,,,,,,,,,,,,,,,,400137271,0.858727,0.540176,0.570252,,,400137271,0.858727,53424.18,136699.6
400137271,2.606191919,0.997729772,0.997655187,0.999983703,0.980944507,0.999916341,0.431181423,0.999686509,0.999956788,0.489879311,0.915440115,0.994895506,0.999977738,0.998131698,0.998485368,0.388852852,0.999702073,0.999970351,0.482966534,,,400137271,2.606191919,50033.85309,70221.73068,445898.5986,62309.49141,76332.47439,132294.1392,46356.886,269983.5892,177844.3686,55517.46089,53813.60148,436573.5713,33272.02603,72307.82913,269846.6073,48604.05691,282719.4018,490317.4459,,,,,,,,,,,,,,,,,,,,,,,,,,,,400137271,0.868818,0.586274,0.666756,,,400137271,0.868818,67430.12,140649
400137271,2.636484849,0.993903992,0.996609798,0.999960756,0.928424933,0.99816677,0.427659018,0.999036918,0.999982844,0.490209392,0.996742032,0.999787341,0.999969642,0.987703585,0.999542318,0.415330418,0.998386953,0.999949886,0.453742467,,,400137271,2.636484849,39037.00912,48580.96961,453723.1527,10435.39977,78253.31526,271640.4312,57465.50089,276276.4785,187687.7437,56985.59667,67989.53508,420971.7589,43519.74719,65964.82176,164276.3992,32986.49098,240540.8977,284091.4736,,,,,,,,,,,,,,,,,,,,,,,,,,,,400137271,0.878909,0.70432,0.624095,,,400137271,0.878909,157522.9,147758.4
400137271,2.666777778,0.976165257,0.999785529,0.346135774,0.991521805,0.99998098,0.489982896,0.999918231,0.999976804,0.490542399,0.989492475,0.999827319,0.435312864,0.999690606,0.999923068,0.471344817,0.896030434,0.999938008,0.451555065,,,400137271,2.666777778,69360.74919,70000.1837,235704.7596,66016.24714,221201.2386,171208.1697,59546.82289,447178.4601,679460.4731,48799.06647,51405.24356,193265.7678,48840.8923,227469.9394,529369.9777,79960.25434,412881.4885,8749.890168,,,,,,,,,,,,,,,,,,,,,,,,,,,,400137271,0.889,0.558671,0.655652,,,400137271,0.889,238162.4,111756.3
400137271,2.697070707,0.980944507,0.999916341,0.431181423,0.999686509,0.999956788,0.489879311,0.997655187,0.999983703,0.489895114,0.998131698,0.998485368,0.388852852,0.999702073,0.999970351,0.482966534,0.994895506,0.999977738,0.4597445,,,400137271,2.697070707,62309.49141,76332.47439,132294.1392,46356.886,269983.5892,177844.3686,70221.73068,445898.5986,689921.3723,33272.02603,72307.82913,269846.6073,48604.05691,282719.4018,490317.4459,53813.60148,436573.5713,18193.23702,,,,,,,,,,,,,,,,,,,,,,,,,,,,400137271,0.899091,0.737302,0.655411,,,400137271,0.899091,167075.4,107235.8
400137271,2.727363636,0.928424933,0.99816677,0.427659018,0.999036918,0.999982844,0.490209392,0.996609798,0.999960756,0.490146196,0.987703585,0.999542318,0.415330418,0.998386953,0.999949886,0.453742467,0.999787341,0.999969642,0.481124136,,,400137271,2.727363636,10435.39977,78253.31526,271640.4312,57465.50089,276276.4785,187687.7437,48580.96961,453723.1527,697353.7738,43519.74719,65964.82176,164276.3992,32986.49098,240540.8977,284091.4736,67989.53508,420971.7589,738619.7074,,,,,,,,,,,,,,,,,,,,,,,,,,,,400137271,0.909182,0.550318,0.68776,,,400137271,0.909182,108164.5,170694.9
400137271,2.757656566,0.991521805,0.99998098,0.489982896,0.999918231,0.999976804,0.490542399,0.999785529,0.346135774,0.280245503,0.999690606,0.999923068,0.471344817,0.896030434,0.999938008,0.451555065,0.999827319,0.435312864,0.213498659,,,400137271,2.757656566,66016.24714,221201.2386,171208.1697,59546.82289,447178.4601,679460.4731,70000.1837,235704.7596,41038.60866,48840.8923,227469.9394,529369.9777,79960.25434,412881.4885,8749.890168,51405.24356,193265.7678,136994.2228,,,,,,,,,,,,,,,,,,,,,,,,,,,,400137271,0.919273,0.673762,0.638565,,,400137271,0.919273,120432,147626.3
400137271,2.787949495,0.999686509,0.999956788,0.489879311,0.997655187,0.999983703,0.489895114,0.999916341,0.431181423,0.280038433,0.999702073,0.999970351,0.482966534,0.994895506,0.999977738,0.4597445,0.998485368,0.388852852,0.254175959,,,400137271,2.787949495,46356.886,269983.5892,177844.3686,70221.73068,445898.5986,689921.3723,76332.47439,132294.1392,49613.32955,48604.05691,282719.4018,490317.4459,53813.60148,436573.5713,18193.23702,72307.82913,269846.6073,242507.9409,,,,,,,,,,,,,,,,,,,,,,,,,,,,400137271,0.929364,0.695366,0.64502,,,400137271,0.929364,221063.6,132004.7
400137271,2.818242424,0.999036918,0.999982844,0.490209392,0.996609798,0.999960756,0.490146196,0.99816677,0.427659018,0.280273509,0.998386953,0.999949886,0.453742467,0.999787341,0.999969642,0.481124136,0.999542318,0.415330418,0.222403389,,,400137271,2.818242424,57465.50089,276276.4785,187687.7437,48580.96961,453723.1527,697353.7738,78253.31526,271640.4312,58933.09499,32986.49098,240540.8977,284091.4736,67989.53508,420971.7589,738619.7074,65964.82176,164276.3992,151696.8715,,,,,,,,,,,,,,,,,,,,,,,,,,,,400137271,0.939455,0.644306,0.556543,,,400137271,0.939455,67451.32,134627.2
400137271,2.848535354,0.999918231,0.999976804,0.490542399,0.999785529,0.346135774,0.280245503,0.99998098,0.489982896,0.280042602,0.896030434,0.999938008,0.451555065,0.999827319,0.435312864,0.213498659,0.999923068,0.471344817,0.280160089,,,400137271,2.848535354,59546.82289,447178.4601,679460.4731,70000.1837,235704.7596,41038.60866,221201.2386,171208.1697,935877.2908,79960.25434,412881.4885,8749.890168,51405.24356,193265.7678,136994.2228,227469.9394,529369.9777,91300.77604,,,,,,,,,,,,,,,,,,,,,,,,,,,,400137271,0.949545,0.601491,0.589058,,,400137271,0.949545,138434.8,183895.3
400137271,2.878828283,0.997655187,0.999983703,0.489895114,0.999916341,0.431181423,0.280038433,0.999956788,0.489879311,0.279220227,0.994895506,0.999977738,0.4597445,0.998485368,0.388852852,0.254175959,0.999970351,0.482966534,0.27927967,,,400137271,2.878828283,70221.73068,445898.5986,689921.3723,76332.47439,132294.1392,49613.32955,269983.5892,177844.3686,943204.2432,53813.60148,436573.5713,18193.23702,72307.82913,269846.6073,242507.9409,282719.4018,490317.4459,104222.2719,,,,,,,,,,,,,,,,,,,,,,,,,,,,400137271,0.959636,0.665315,0.622901,,,400137271,0.959636,136085.1,212742.3
400137271,2.909121212,0.996609798,0.999960756,0.490146196,0.99816677,0.427659018,0.280273509,0.999982844,0.490209392,0.28004118,0.999787341,0.999969642,0.481124136,0.999542318,0.415330418,0.222403389,0.999949886,0.453742467,0.279768545,,,400137271,2.909121212,48580.96961,453723.1527,697353.7738,78253.31526,271640.4312,58933.09499,276276.4785,187687.7437,952250.5652,67989.53508,420971.7589,738619.7074,65964.82176,164276.3992,151696.8715,240540.8977,284091.4736,123427.1983,,,,,,,,,,,,,,,,,,,,,,,,,,,,400137271,0.969727,0.447896,0.623545,,,400137271,0.969727,36361.11,116464.1
400137271,2.939414141,0.999785529,0.346135774,0.280245503,0.99998098,0.489982896,0.280042602,0.999976804,0.490542399,0.280299675,0.999827319,0.435312864,0.213498659,0.999923068,0.471344817,0.280160089,0.999938008,0.451555065,0.280153434,,,400137271,2.939414141,70000.1837,235704.7596,41038.60866,221201.2386,171208.1697,935877.2908,447178.4601,679460.4731,1827267.252,51405.24356,193265.7678,136994.2228,227469.9394,529369.9777,91300.77604,412881.4885,8749.890168,981730.815,,,,,,,,,,,,,,,,,,,,,,,,,,,,400137271,0.979818,0.605557,0.565221,,,400137271,0.979818,83216.52,57048.1
400137271,2.969707071,0.999916341,0.431181423,0.280038433,0.999956788,0.489879311,0.279220227,0.999983703,0.489895114,0.280018738,0.998485368,0.388852852,0.254175959,0.999970351,0.482966534,0.27927967,0.999977738,0.4597445,0.27997216,,,400137271,2.969707071,76332.47439,132294.1392,49613.32955,269983.5892,177844.3686,943204.2432,445898.5986,689921.3723,1834695.915,72307.82913,269846.6073,242507.9409,282719.4018,490317.4459,104222.2719,436573.5713,18193.23702,993903.8631,,,,,,,,,,,,,,,,,,,,,,,,,,,,400137271,0.989909,0.6176,0.624523,,,400137271,0.989909,32075.44,136615.1
400137271,3,0.99816677,0.427659018,0.280273509,0.999982844,0.490209392,0.28004118,0.999960756,0.490146196,0.280443941,0.999542318,0.415330418,0.222403389,0.999949886,0.453742467,0.279768545,0.999969642,0.481124136,0.280627126,,,400137271,3,78253.31526,271640.4312,58933.09499,276276.4785,187687.7437,952250.5652,453723.1527,697353.7738,1843990.659,65964.82176,164276.3992,151696.8715,240540.8977,284091.4736,123427.1983,420971.7589,738619.7074,1013718.907,,,,,,,,,,,,,,,,,,,,,,,,,,,,400137271,1,0.743594,0.658555,,,400137271,1,140493.2,149794.9
