random seed,call arrival count,blocked call count,Blocking probability,Service fraction,Offered Load,trunks,theoretical_erlang_B,,,,,,,trunks,Blocking probability,Offered Load
400137271,4055,2055,0.5067817509,0.49322,1.0000000000,1,0.5000000000,,,,,,,1,0.5067817509,1.0000000000
400137271,2486,486,0.1954947707,0.80451,1.0000000000,2,0.2000000000,,,,,,,2,0.1954947707,1.0000000000
400137271,2115,114,0.0539007092,0.94610,1.0000000000,3,0.0625000000,,,,,,,3,0.0539007092,1.0000000000
400137271,2026,25,0.0123395854,0.98766,1.0000000000,4,0.0153846154,,,,,,,4,0.0123395854,1.0000000000
400137271,2003,2,0.0009985022,0.99900,1.0000000000,5,0.0030674847,,,,,,,5,0.0009985022,1.0000000000
400137271,2001,0,0.0000000000,1.00000,1.0000000000,6,0.0005109862,,,,,,,6,0.0000000000,1.0000000000
400137271,2001,0,0.0000000000,1.00000,1.0000000000,7,0.0000729927,,,,,,,7,0.0000000000,1.0000000000
400137271,2001,0,0.0000000000,1.00000,1.0000000000,8,0.0000091240,,,,,,,8,0.0000000000,1.0000000000
400137271,2001,0,0.0000000000,1.00000,1.0000000000,9,0.0000010138,,,,,,,9,0.0000000000,1.0000000000
400137271,2001,0,0.0000000000,1.00000,1.0000000000,10,0.0000001014,,,,,,,10,0.0000000000,1.0000000000
400137271,2001,0,0.0000000000,1.00000,1.0000000000,11,0.0000000092,,,,,,,11,0.0000000000,1.0000000000
400137271,2001,0,0.0000000000,1.00000,1.0000000000,12,0.0000000008,,,,,,,12,0.0000000000,1.0000000000
400137271,2001,0,0.0000000000,1.00000,1.0000000000,13,0.0000000001,,,,,,,13,0.0000000000,1.0000000000
400137271,2001,0,0.0000000000,1.00000,1.0000000000,14,0.0000000000,,,,,,,14,0.0000000000,1.0000000000
400137271,2001,0,0.0000000000,1.00000,1.0000000000,15,0.0000000000,,,,,,,15,0.0000000000,1.0000000000
400137271,2001,0,0.0000000000,1.00000,1.0000000000,16,0.0000000000,,,,,,,16,0.0000000000,1.0000000000
400137271,2001,0,0.0000000000,1.00000,1.0000000000,17,0.0000000000,,,,,,,17,0.0000000000,1.0000000000
400137271,2001,0,0.0000000000,1.00000,1.0000000000,18,0.0000000000,,,,,,,18,0.0000000000,1.0000000000
400137271,2001,0,0.0000000000,1.00000,1.0000000000,19,0.0000000000,,,,,,,19,0.0000000000,1.0000000000
400137271,2001,0,0.0000000000,1.00000,1.0000000000,20,0.0000000000,,,,,,,20,0.0000000000,1.0000000000
400137271,6135,4135,0.6740016300,0.32600,2.0000000000,1,0.6666666667,,,,,,,1,0.6740016300,2.0000000000
400137271,3338,1338,0.4008388256,0.59916,2.0000000000,2,0.4000000000,,,,,,,2,0.4008388256,2.0000000000
400137271,2592,590,0.2276234568,0.77238,2.0000000000,3,0.2105263158,,,,,,,3,0.2276234568,2.0000000000
400137271,2214,214,0.0966576332,0.90334,2.0000000000,4,0.0952380952,,,,,,,4,0.0966576332,2.0000000000
400137271,2070,68,0.0328502415,0.96715,2.0000000000,5,0.0366972477,,,,,,,5,0.0328502415,2.0000000000
400137271,2018,17,0.0084241824,0.99158,2.0000000000,6,0.0120845921,,,,,,,6,0.0084241824,2.0000000000
400137271,2004,3,0.0014970060,0.99850,2.0000000000,7,0.0034408602,,,,,,,7,0.0014970060,2.0000000000
400137271,2003,0,0.0000000000,1.00000,2.0000000000,8,0.0008594757,,,,,,,8,0.0000000000,2.0000000000
400137271,2003,0,0.0000000000,1.00000,2.0000000000,9,0.0001909581,,,,,,,9,0.0000000000,2.0000000000
400137271,2003,0,0.0000000000,1.00000,2.0000000000,10,0.0000381902,,,,,,,10,0.0000000000,2.0000000000
400137271,2003,0,0.0000000000,1.00000,2.0000000000,11,0.0000069436,,,,,,,11,0.0000000000,2.0000000000
400137271,2003,0,0.0000000000,1.00000,2.0000000000,12,0.0000011573,,,,,,,12,0.0000000000,2.0000000000
400137271,2003,0,0.0000000000,1.00000,2.0000000000,13,0.0000001780,,,,,,,13,0.0000000000,2.0000000000
400137271,2003,0,0.0000000000,1.00000,2.0000000000,14,0.0000000254,,,,,,,14,0.0000000000,2.0000000000
400137271,2003,0,0.0000000000,1.00000,2.0000000000,15,0.0000000034,,,,,,,15,0.0000000000,2.0000000000
400137271,2003,0,0.0000000000,1.00000,2.0000000000,16,0.0000000004,,,,,,,16,0.0000000000,2.0000000000
400137271,2003,0,0.0000000000,1.00000,2.0000000000,17,0.0000000000,,,,,,,17,0.0000000000,2.0000000000
400137271,2003,0,0.0000000000,1.00000,2.0000000000,18,0.0000000000,,,,,,,18,0.0000000000,2.0000000000
400137271,2003,0,0.0000000000,1.00000,2.0000000000,19,0.0000000000,,,,,,,19,0.0000000000,2.0000000000
400137271,2003,0,0.0000000000,1.00000,2.0000000000,20,0.0000000000,,,,,,,20,0.0000000000,2.0000000000
400137271,8019,6019,0.7505923432,0.24941,3.0000000000,1,0.7500000000,,,,,,,1,0.7505923432,3.0000000000
400137271,4296,2295,0.5342178771,0.46578,3.0000000000,2,0.5294117647,,,,,,,2,0.5342178771,3.0000000000
400137271,3133,1131,0.3609958506,0.63900,3.0000000000,3,0.3461538462,,,,,,,3,0.3609958506,3.0000000000
400137271,2520,518,0.2055555556,0.79444,3.0000000000,4,0.2061068702,,,,,,,4,0.2055555556,3.0000000000
400137271,2267,264,0.1164534627,0.88355,3.0000000000,5,0.1100543478,,,,,,,5,0.1164534627,3.0000000000
400137271,2108,104,0.0493358634,0.95066,3.0000000000,6,0.0521571153,,,,,,,6,0.0493358634,3.0000000000
400137271,2045,41,0.0200488998,0.97995,3.0000000000,7,0.0218643153,,,,,,,7,0.0200488998,3.0000000000
400137271,2025,23,0.0113580247,0.98864,3.0000000000,8,0.0081324394,,,,,,,8,0.0113580247,3.0000000000
400137271,2007,3,0.0014947683,0.99851,3.0000000000,9,0.0027034845,,,,,,,9,0.0014947683,3.0000000000
400137271,2004,0,0.0000000000,1.00000,3.0000000000,10,0.0008103881,,,,,,,10,0.0000000000,3.0000000000
400137271,2004,0,0.0000000000,1.00000,3.0000000000,11,0.0002209661,,,,,,,11,0.0000000000,3.0000000000
400137271,2004,0,0.0000000000,1.00000,3.0000000000,12,0.0000552385,,,,,,,12,0.0000000000,3.0000000000
400137271,2004,0,0.0000000000,1.00000,3.0000000000,13,0.0000127472,,,,,,,13,0.0000000000,3.0000000000
400137271,2004,0,0.0000000000,1.00000,3.0000000000,14,0.0000027315,,,,,,,14,0.0000000000,3.0000000000
400137271,2004,0,0.0000000000,1.00000,3.0000000000,15,0.0000005463,,,,,,,15,0.0000000000,3.0000000000
400137271,2004,0,0.0000000000,1.00000,3.0000000000,16,0.0000001024,,,,,,,16,0.0000000000,3.0000000000
400137271,2004,0,0.0000000000,1.00000,3.0000000000,17,0.0000000181,,,,,,,17,0.0000000000,3.0000000000
400137271,2004,0,0.0000000000,1.00000,3.0000000000,18,0.0000000030,,,,,,,18,0.0000000000,3.0000000000
400137271,2004,0,0.0000000000,1.00000,3.0000000000,19,0.0000000005,,,,,,,19,0.0000000000,3.0000000000
400137271,2004,0,0.0000000000,1.00000,3.0000000000,20,0.0000000001,,,,,,,20,0.0000000000,3.0000000000
400137271,10128,8128,0.8025276461,0.19747,4.0000000000,1,0.8000000000,,,,,,,1,0.8025276461,4.0000000000
400137271,5464,3463,0.6337847731,0.36622,4.0000000000,2,0.6153846154,,,,,,,2,0.6337847731,4.0000000000
400137271,3768,1767,0.4689490446,0.53105,4.0000000000,3,0.4507042254,,,,,,,3,0.4689490446,4.0000000000
400137271,2915,912,0.3128644940,0.68714,4.0000000000,4,0.3106796117,,,,,,,4,0.3128644940,4.0000000000
400137271,2460,457,0.1857723577,0.81423,4.0000000000,5,0.1990668740,,,,,,,5,0.1857723577,4.0000000000
400137271,2258,253,0.1120460585,0.88795,4.0000000000,6,0.1171624714,,,,,,,6,0.1120460585,4.0000000000
400137271,2139,135,0.0631136045,0.93689,4.0000000000,7,0.0627489429,,,,,,,7,0.0631136045,4.0000000000
400137271,2059,55,0.0267119961,0.97329,4.0000000000,8,0.0304200582,,,,,,,8,0.0267119961,4.0000000000
400137271,2044,39,0.0190802348,0.98092,4.0000000000,9,0.0133396732,,,,,,,9,0.0190802348,4.0000000000
400137271,2023,19,0.0093919921,0.99061,4.0000000000,10,0.0053075489,,,,,,,10,0.0093919921,4.0000000000
400137271,2008,2,0.0009960159,0.99900,4.0000000000,11,0.0019263000,,,,,,,11,0.0009960159,4.0000000000
400137271,2006,0,0.0000000000,1.00000,4.0000000000,12,0.0006416880,,,,,,,12,0.0000000000,4.0000000000
400137271,2006,0,0.0000000000,1.00000,4.0000000000,13,0.0001974035,,,,,,,13,0.0000000000,4.0000000000
400137271,2006,0,0.0000000000,1.00000,4.0000000000,14,0.0000563978,,,,,,,14,0.0000000000,4.0000000000
400137271,2006,0,0.0000000000,1.00000,4.0000000000,15,0.0000150392,,,,,,,15,0.0000000000,4.0000000000
400137271,2006,0,0.0000000000,1.00000,4.0000000000,16,0.0000037598,,,,,,,16,0.0000000000,4.0000000000
400137271,2006,0,0.0000000000,1.00000,4.0000000000,17,0.0000008847,,,,,,,17,0.0000000000,4.0000000000
400137271,2006,0,0.0000000000,1.00000,4.0000000000,18,0.0000001966,,,,,,,18,0.0000000000,4.0000000000
400137271,2006,0,0.0000000000,1.00000,4.0000000000,19,0.0000000414,,,,,,,19,0.0000000000,4.0000000000
400137271,2006,0,0.0000000000,1.00000,4.0000000000,20,0.0000000083,,,,,,,20,0.0000000000,4.0000000000
400137271,12260,10260,0.8368678630,0.16313,5.0000000000,1,0.8333333333,,,,,,,1,0.8368678630,5.0000000000
400137271,6513,4512,0.6927683095,0.30723,5.0000000000,2,0.6756756757,,,,,,,2,0.6927683095,5.0000000000
400137271,4380,2379,0.5431506849,0.45685,5.0000000000,3,0.5296610169,,,,,,,3,0.5431506849,5.0000000000
400137271,3383,1380,0.4079219628,0.59208,5.0000000000,4,0.3983428936,,,,,,,4,0.4079219628,5.0000000000
400137271,2802,798,0.2847965739,0.71520,5.0000000000,5,0.2848678213,,,,,,,5,0.2847965739,5.0000000000
400137271,2461,459,0.1865095490,0.81349,5.0000000000,6,0.1918472589,,,,,,,6,0.1865095490,5.0000000000
400137271,2329,325,0.1395448690,0.86046,5.0000000000,7,0.1205186351,,,,,,,7,0.1395448690,5.0000000000
400137271,2146,143,0.0666356011,0.93336,5.0000000000,8,0.0700478522,,,,,,,8,0.0666356011,5.0000000000
400137271,2073,68,0.0328027014,0.96720,5.0000000000,9,0.0374577860,,,,,,,9,0.0328027014,5.0000000000
400137271,2052,48,0.0233918129,0.97661,5.0000000000,10,0.0183845703,,,,,,,10,0.0233918129,5.0000000000
400137271,2014,9,0.0044687190,0.99553,5.0000000000,11,0.0082873685,,,,,,,11,0.0044687190,5.0000000000
400137271,2009,5,0.0024888004,0.99751,5.0000000000,12,0.0034411875,,,,,,,12,0.0024888004,5.0000000000
400137271,2007,3,0.0014947683,0.99851,5.0000000000,13,0.0013217842,,,,,,,13,0.0014947683,5.0000000000
400137271,2008,0,0.0000000000,1.00000,5.0000000000,14,0.0004718431,,,,,,,14,0.0000000000,5.0000000000
400137271,2008,0,0.0000000000,1.00000,5.0000000000,15,0.0001572563,,,,,,,15,0.0000000000,5.0000000000
400137271,2008,0,0.0000000000,1.00000,5.0000000000,16,0.0000491402,,,,,,,16,0.0000000000,5.0000000000
400137271,2008,0,0.0000000000,1.00000,5.0000000000,17,0.0000144528,,,,,,,17,0.0000000000,5.0000000000
400137271,2008,0,0.0000000000,1.00000,5.0000000000,18,0.0000040146,,,,,,,18,0.0000000000,5.0000000000
400137271,2008,0,0.0000000000,1.00000,5.0000000000,19,0.0000010565,,,,,,,19,0.0000000000,5.0000000000
400137271,2008,0,0.0000000000,1.00000,5.0000000000,20,0.0000002641,,,,,,,20,0.0000000000,5.0000000000
400137271,13802,11802,0.8550934647,0.14491,6.0000000000,1,0.8571428571,,,,,,,1,0.8550934647,6.0000000000
400137271,7119,5118,0.7189211968,0.28108,6.0000000000,2,0.7200000000,,,,,,,2,0.7189211968,6.0000000000
400137271,5133,3131,0.6099746737,0.39003,6.0000000000,3,0.5901639344,,,,,,,3,0.6099746737,6.0000000000
400137271,3826,1824,0.4767381077,0.52326,6.0000000000,4,0.4695652174,,,,,,,4,0.4767381077,6.0000000000
400137271,3160,1159,0.3667721519,0.63323,6.0000000000,5,0.3604004449,,,,,,,5,0.3667721519,6.0000000000
400137271,2812,809,0.2876955903,0.71230,6.0000000000,6,0.2649223222,,,,,,,6,0.2876955903,6.0000000000
400137271,2502,497,0.1986410871,0.80136,6.0000000000,7,0.1850547358,,,,,,,7,0.1986410871,6.0000000000
400137271,2223,222,0.0998650472,0.90013,6.0000000000,8,0.1218757837,,,,,,,8,0.0998650472,6.0000000000
400137271,2169,165,0.0760719225,0.92393,6.0000000000,9,0.0751449555,,,,,,,9,0.0760719225,6.0000000000
400137271,2096,89,0.0424618321,0.95754,6.0000000000,10,0.0431418384,,,,,,,10,0.0424618321,6.0000000000
400137271,2050,41,0.0200000000,0.98000,6.0000000000,11,0.0229908922,,,,,,,11,0.0200000000,6.0000000000
400137271,2024,21,0.0103754941,0.98962,6.0000000000,12,0.0113648026,,,,,,,12,0.0103754941,6.0000000000
400137271,2012,4,0.0019880716,0.99801,6.0000000000,13,0.0052179240,,,,,,,13,0.0019880716,6.0000000000
400137271,2010,2,0.0009950249,0.99900,6.0000000000,14,0.0022312635,,,,,,,14,0.0009950249,6.0000000000
400137271,2008,0,0.0000000000,1.00000,6.0000000000,15,0.0008917095,,,,,,,15,0.0000000000,6.0000000000
400137271,2008,0,0.0000000000,1.00000,6.0000000000,16,0.0003342793,,,,,,,16,0.0000000000,6.0000000000
400137271,2008,0,0.0000000000,1.00000,6.0000000000,17,0.0001179670,,,,,,,17,0.0000000000,6.0000000000
400137271,2008,0,0.0000000000,1.00000,6.0000000000,18,0.0000393208,,,,,,,18,0.0000000000,6.0000000000
400137271,2008,0,0.0000000000,1.00000,6.0000000000,19,0.0000124169,,,,,,,19,0.0000000000,6.0000000000
400137271,2008,0,0.0000000000,1.00000,6.0000000000,20,0.0000037251,,,,,,,20,0.0000000000,6.0000000000
400137271,16480,14480,0.8786407767,0.12136,7.0000000000,1,0.8750000000,,,,,,,1,0.8786407767,7.0000000000
400137271,8088,6087,0.7525964392,0.24740,7.0000000000,2,0.7538461538,,,,,,,2,0.7525964392,7.0000000000
400137271,5660,3658,0.6462897527,0.35371,7.0000000000,3,0.6375464684,,,,,,,3,0.6462897527,7.0000000000
400137271,4436,2433,0.5484670875,0.45153,7.0000000000,4,0.5273446080,,,,,,,4,0.5484670875,7.0000000000
400137271,3479,1475,0.4239724059,0.57603,7.0000000000,5,0.4247194986,,,,,,,5,0.4239724059,7.0000000000
400137271,3014,1011,0.3354346384,0.66457,7.0000000000,6,0.3313300346,,,,,,,6,0.3354346384,7.0000000000
400137271,2623,618,0.2356080823,0.76439,7.0000000000,7,0.2488714488,,,,,,,7,0.2356080823,7.0000000000
400137271,2457,453,0.1843711844,0.81563,7.0000000000,8,0.1788218265,,,,,,,8,0.1843711844,7.0000000000
400137271,2265,259,0.1143487859,0.88565,7.0000000000,9,0.1221013433,,,,,,,9,0.1143487859,7.0000000000
400137271,2163,154,0.0711974110,0.92880,7.0000000000,10,0.0787408830,,,,,,,10,0.0711974110,7.0000000000
400137271,2106,99,0.0470085470,0.95299,7.0000000000,11,0.0477168468,,,,,,,11,0.0470085470,7.0000000000
400137271,2072,61,0.0294401544,0.97056,7.0000000000,12,0.0270810314,,,,,,,12,0.0294401544,7.0000000000
400137271,2031,29,0.0142786805,0.98572,7.0000000000,13,0.0143725125,,,,,,,13,0.0142786805,7.0000000000
400137271,2011,3,0.0014917951,0.99851,7.0000000000,14,0.0071349825,,,,,,,14,0.0014917951,7.0000000000
400137271,2012,2,0.0009940358,0.99901,7.0000000000,15,0.0033186086,,,,,,,15,0.0009940358,7.0000000000
400137271,2010,0,0.0000000000,1.00000,7.0000000000,16,0.0014497863,,,,,,,16,0.0000000000,7.0000000000
400137271,2010,0,0.0000000000,1.00000,7.0000000000,17,0.0005966147,,,,,,,17,0.0000000000,7.0000000000
400137271,2010,0,0.0000000000,1.00000,7.0000000000,18,0.0002319630,,,,,,,18,0.0000000000,7.0000000000
400137271,2010,0,0.0000000000,1.00000,7.0000000000,19,0.0000854528,,,,,,,19,0.0000000000,7.0000000000
400137271,2010,0,0.0000000000,1.00000,7.0000000000,20,0.0000299076,,,,,,,20,0.0000000000,7.0000000000
400137271,18162,16162,0.8898799692,0.11012,8.0000000000,1,0.8888888889,,,,,,,1,0.8898799692,8.0000000000
400137271,9238,7237,0.7833946742,0.21661,8.0000000000,2,0.7804878049,,,,,,,2,0.7833946742,8.0000000000
400137271,6187,4185,0.6764182964,0.32358,8.0000000000,3,0.6754617414,,,,,,,3,0.6764182964,8.0000000000
400137271,4931,2928,0.5937943622,0.40621,8.0000000000,4,0.5746352413,,,,,,,4,0.5937943622,8.0000000000
400137271,3907,1905,0.4875863834,0.51241,8.0000000000,5,0.4790083031,,,,,,,5,0.4875863834,8.0000000000
400137271,3332,1328,0.3985594238,0.60144,8.0000000000,6,0.3897518852,,,,,,,6,0.3985594238,8.0000000000
400137271,2846,840,0.2951510892,0.70485,8.0000000000,7,0.3081647000,,,,,,,7,0.2951510892,8.0000000000
400137271,2594,587,0.2262914418,0.77371,8.0000000000,8,0.2355702611,,,,,,,8,0.2262914418,8.0000000000
400137271,2424,418,0.1724422442,0.82756,8.0000000000,9,0.1731408277,,,,,,,9,0.1724422442,8.0000000000
400137271,2291,285,0.1243998254,0.87560,8.0000000000,10,0.1216610643,,,,,,,10,0.1243998254,8.0000000000
400137271,2163,154,0.0711974110,0.92880,8.0000000000,11,0.0812883205,,,,,,,11,0.0711974110,8.0000000000
400137271,2101,94,0.0447405997,0.95526,8.0000000000,12,0.0514063877,,,,,,,12,0.0447405997,8.0000000000
400137271,2098,91,0.0433746425,0.95663,8.0000000000,13,0.0306646336,,,,,,,13,0.0433746425,8.0000000000
400137271,2057,51,0.0247933884,0.97521,8.0000000000,14,0.0172208922,,,,,,,14,0.0247933884,8.0000000000
400137271,2030,24,0.0118226601,0.98818,8.0000000000,15,0.0091008889,,,,,,,15,0.0118226601,8.0000000000
400137271,2011,0,0.0000000000,1.00000,8.0000000000,16,0.0045298317,,,,,,,16,0.0000000000,8.0000000000
400137271,2011,0,0.0000000000,1.00000,8.0000000000,17,0.0021271511,,,,,,,17,0.0000000000,8.0000000000
400137271,2011,0,0.0000000000,1.00000,8.0000000000,18,0.0009445075,,,,,,,18,0.0000000000,8.0000000000
400137271,2011,0,0.0000000000,1.00000,8.0000000000,19,0.0003975293,,,,,,,19,0.0000000000,8.0000000000
400137271,2011,0,0.0000000000,1.00000,8.0000000000,20,0.0001589864,,,,,,,20,0.0000000000,8.0000000000
400137271,19540,17540,0.8976458547,0.10235,9.0000000000,1,0.9000000000,,,,,,,1,0.8976458547,9.0000000000
400137271,10064,8063,0.8011724960,0.19883,9.0000000000,2,0.8019801980,,,,,,,2,0.8011724960,9.0000000000
400137271,7042,5040,0.7157057654,0.28429,9.0000000000,3,0.7063953488,,,,,,,3,0.7157057654,9.0000000000
400137271,5312,3309,0.6229292169,0.37707,9.0000000000,4,0.6138085883,,,,,,,4,0.6229292169,9.0000000000
400137271,4252,2248,0.5286923801,0.47131,9.0000000000,5,0.5249079951,,,,,,,5,0.5286923801,9.0000000000
400137271,3594,1589,0.4421257652,0.55787,9.0000000000,6,0.4405162445,,,,,,,6,0.4421257652,9.0000000000
400137271,3252,1246,0.3831488315,0.61685,9.0000000000,7,0.3615845079,,,,,,,7,0.3831488315,9.0000000000
400137271,2908,904,0.3108665750,0.68913,9.0000000000,8,0.2891580971,,,,,,,8,0.3108665750,9.0000000000
400137271,2653,650,0.2450056540,0.75499,9.0000000000,9,0.2242999503,,,,,,,9,0.2450056540,9.0000000000
400137271,2451,443,0.1807425541,0.81926,9.0000000000,10,0.1679632263,,,,,,,10,0.1807425541,9.0000000000
400137271,2282,272,0.1191936897,0.88081,9.0000000000,11,0.1208207340,,,,,,,11,0.1191936897,9.0000000000
400137271,2151,143,0.0664807066,0.93352,9.0000000000,12,0.0830866115,,,,,,,12,0.0664807066,9.0000000000
400137271,2146,138,0.0643056850,0.93569,9.0000000000,13,0.0543927478,,,,,,,13,0.0643056850,9.0000000000
400137271,2087,75,0.0359367513,0.96406,9.0000000000,14,0.0337854002,,,,,,,14,0.0359367513,9.0000000000
400137271,2063,55,0.0266602036,0.97334,9.0000000000,15,0.0198684814,,,,,,,15,0.0266602036,9.0000000000
400137271,2028,17,0.0083826430,0.99162,9.0000000000,16,0.0110524978,,,,,,,16,0.0083826430,9.0000000000
400137271,2015,0,0.0000000000,1.00000,9.0000000000,17,0.0058172836,,,,,,,17,0.0000000000,9.0000000000
400137271,2015,0,0.0000000000,1.00000,9.0000000000,18,0.0029002061,,,,,,,18,0.0000000000,9.0000000000
400137271,2015,0,0.0000000000,1.00000,9.0000000000,19,0.0013718972,,,,,,,19,0.0000000000,9.0000000000
400137271,2015,0,0.0000000000,1.00000,9.0000000000,20,0.0006169728,,,,,,,20,0.0000000000,9.0000000000
400137271,21625,19625,0.9075144509,0.09249,10.0000000000,1,0.9090909091,,,,,,,1,0.9075144509,10.0000000000
400137271,11427,9427,0.8249759342,0.17502,10.0000000000,2,0.8196721311,,,,,,,2,0.8249759342,10.0000000000
400137271,7626,5624,0.7374770522,0.26252,10.0000000000,3,0.7320644217,,,,,,,3,0.7374770522,10.0000000000
400137271,5811,3808,0.6553088969,0.34469,10.0000000000,4,0.6466632178,,,,,,,4,0.6553088969,10.0000000000
400137271,4726,2722,0.5759627592,0.42404,10.0000000000,5,0.5639521769,,,,,,,5,0.5759627592,10.0000000000
400137271,3887,1882,0.4841780293,0.51582,10.0000000000,6,0.4845149037,,,,,,,6,0.4841780293,10.0000000000
400137271,3296,1290,0.3913834951,0.60862,10.0000000000,7,0.4090407830,,,,,,,7,0.3913834951,10.0000000000
400137271,3075,1068,0.3473170732,0.65268,10.0000000000,8,0.3383184329,,,,,,,8,0.3473170732,10.0000000000
400137271,2776,770,0.2773775216,0.72262,10.0000000000,9,0.2732079439,,,,,,,9,0.2773775216,10.0000000000
400137271,2576,570,0.2212732919,0.77873,10.0000000000,10,0.2145823431,,,,,,,10,0.2212732919,10.0000000000
400137271,2432,424,0.1743421053,0.82566,10.0000000000,11,0.1632323332,,,,,,,11,0.1743421053,10.0000000000
400137271,2265,258,0.1139072848,0.88609,10.0000000000,12,0.1197391884,,,,,,,12,0.1139072848,10.0000000000
400137271,2217,210,0.0947225981,0.90528,10.0000000000,13,0.0843388627,,,,,,,13,0.0947225981,10.0000000000
400137271,2115,102,0.0482269504,0.95177,10.0000000000,14,0.0568191434,,,,,,,14,0.0482269504,10.0000000000
400137271,2099,86,0.0409718914,0.95903,10.0000000000,15,0.0364969455,,,,,,,15,0.0409718914,10.0000000000
400137271,2077,68,0.0327395282,0.96726,10.0000000000,16,0.0223018720,,,,,,,16,0.0327395282,10.0000000000
400137271,2030,20,0.0098522167,0.99015,10.0000000000,17,0.0129488752,,,,,,,17,0.0098522167,10.0000000000
400137271,2019,11,0.0054482417,0.99455,10.0000000000,18,0.0071424382,,,,,,,18,0.0054482417,10.0000000000
400137271,2015,0,0.0000000000,1.00000,10.0000000000,19,0.0037450995,,,,,,,19,0.0000000000,10.0000000000
400137271,2015,0,0.0000000000,1.00000,10.0000000000,20,0.0018690499,,,,,,,20,0.0000000000,10.0000000000
400137271,24285,22285,0.9176446366,0.08236,11.0000000000,1,0.9166666667,,,,,,,1,0.9176446366,11.0000000000
400137271,12270,10269,0.8369193154,0.16308,11.0000000000,2,0.8344827586,,,,,,,2,0.8369193154,11.0000000000
400137271,8254,6252,0.7574509329,0.24255,11.0000000000,3,0.7536806342,,,,,,,3,0.7574509329,11.0000000000
400137271,6128,4125,0.6731396867,0.32686,11.0000000000,4,0.6745450357,,,,,,,4,0.6731396867,11.0000000000
400137271,5006,3003,0.5998801438,0.40012,11.0000000000,5,0.5974233611,,,,,,,5,0.5998801438,11.0000000000
400137271,4339,2334,0.5379119613,0.46209,11.0000000000,6,0.5227359438,,,,,,,6,0.5379119613,11.0000000000
400137271,3811,1805,0.4736289688,0.52637,11.0000000000,7,0.4509844993,,,,,,,7,0.4736289688,11.0000000000
400137271,3406,1402,0.4116265414,0.58837,11.0000000000,8,0.3827555555,,,,,,,8,0.4116265414,11.0000000000
400137271,2894,888,0.3068417415,0.69316,11.0000000000,9,0.3187140012,,,,,,,9,0.3068417415,11.0000000000
400137271,2717,710,0.2613176297,0.73868,11.0000000000,10,0.2595803279,,,,,,,10,0.2613176297,11.0000000000
400137271,2524,516,0.2044374010,0.79556,11.0000000000,11,0.2060847745,,,,,,,11,0.2044374010,11.0000000000
400137271,2327,317,0.1362269016,0.86377,11.0000000000,12,0.1588941783,,,,,,,12,0.1362269016,11.0000000000
400137271,2229,222,0.0995962315,0.90040,11.0000000000,13,0.1185147411,,,,,,,13,0.0995962315,11.0000000000
400137271,2164,152,0.0702402957,0.92976,11.0000000000,14,0.0851862868,,,,,,,14,0.0702402957,11.0000000000
400137271,2126,117,0.0550329257,0.94497,11.0000000000,15,0.0587969043,,,,,,,15,0.0550329257,11.0000000000
400137271,2083,68,0.0326452232,0.96735,11.0000000000,16,0.0388523482,,,,,,,16,0.0326452232,11.0000000000
400137271,2070,57,0.0275362319,0.97246,11.0000000000,17,0.0245232463,,,,,,,17,0.0275362319,11.0000000000
400137271,2041,28,0.0137187653,0.98628,11.0000000000,18,0.0147651514,,,,,,,18,0.0137187653,11.0000000000
400137271,2018,2,0.0009910803,0.99901,11.0000000000,19,0.0084757924,,,,,,,19,0.0009910803,11.0000000000
400137271,2021,6,0.0029688273,0.99703,11.0000000000,20,0.0046400553,,,,,,,20,0.0029688273,11.0000000000
400137271,25985,23985,0.9230325188,0.07697,12.0000000000,1,0.9230769231,,,,,,,1,0.9230325188,12.0000000000
400137271,13394,11393,0.8506047484,0.14940,12.0000000000,2,0.8470588235,,,,,,,2,0.8506047484,12.0000000000
400137271,8785,6783,0.7721115538,0.22789,12.0000000000,3,0.7721179625,,,,,,,3,0.7721115538,12.0000000000
400137271,6582,4579,0.6956852021,0.30431,12.0000000000,4,0.6984640259,,,,,,,4,0.6956852021,12.0000000000
400137271,5495,3491,0.6353048226,0.36470,12.0000000000,5,0.6263517187,,,,,,,5,0.6353048226,12.0000000000
400137271,4665,2660,0.5702036442,0.42980,12.0000000000,6,0.5560889270,,,,,,,6,0.5702036442,12.0000000000
400137271,3945,1939,0.4915082383,0.50849,12.0000000000,7,0.4880446401,,,,,,,7,0.4915082383,12.0000000000
400137271,3623,1616,0.4460391940,0.55396,12.0000000000,8,0.4226551150,,,,,,,8,0.4460391940,12.0000000000
400137271,3147,1139,0.3619319987,0.63807,12.0000000000,9,0.3604257634,,,,,,,9,0.3619319987,12.0000000000
400137271,2829,821,0.2902085543,0.70979,12.0000000000,10,0.3019250403,,,,,,,10,0.2902085543,12.0000000000
400137271,2669,664,0.2487823155,0.75122,12.0000000000,11,0.2477655465,,,,,,,11,0.2487823155,12.0000000000
400137271,2579,568,0.2202404033,0.77976,12.0000000000,12,0.1985673889,,,,,,,12,0.2202404033,12.0000000000
400137271,2366,354,0.1496196112,0.85038,12.0000000000,13,0.1549007544,,,,,,,13,0.1496196112,12.0000000000
400137271,2274,265,0.1165347405,0.88347,12.0000000000,14,0.1172098766,,,,,,,14,0.1165347405,12.0000000000
400137271,2228,216,0.0969479354,0.90305,12.0000000000,15,0.0857292495,,,,,,,15,0.0969479354,12.0000000000
400137271,2133,123,0.0576652602,0.94233,12.0000000000,16,0.0604125925,,,,,,,16,0.0576652602,12.0000000000
400137271,2099,85,0.0404954740,0.95950,12.0000000000,17,0.0409000344,,,,,,,17,0.0404954740,12.0000000000
400137271,2096,81,0.0386450382,0.96135,12.0000000000,18,0.0265429512,,,,,,,18,0.0386450382,12.0000000000
400137271,2044,32,0.0156555773,0.98434,12.0000000000,19,0.0164875720,,,,,,,19,0.0156555773,12.0000000000
400137271,2035,24,0.0117936118,0.98821,12.0000000000,20,0.0097956394,,,,,,,20,0.0117936118,12.0000000000
400137271,27418,25418,0.9270552192,0.07294,13.0000000000,1,0.9285714286,,,,,,,1,0.9270552192,13.0000000000
400137271,14350,12349,0.8605574913,0.13944,13.0000000000,2,0.8578680203,,,,,,,2,0.8605574913,13.0000000000
400137271,9522,7520,0.7897500525,0.21025,13.0000000000,3,0.7880200861,,,,,,,3,0.7897500525,13.0000000000
400137271,7209,5206,0.7221528645,0.27785,13.0000000000,4,0.7191851535,,,,,,,4,0.7221528645,13.0000000000
400137271,5973,3969,0.6644902059,0.33551,13.0000000000,5,0.6515535449,,,,,,,5,0.6644902059,13.0000000000
400137271,4892,2889,0.5905560098,0.40944,13.0000000000,6,0.5853546168,,,,,,,6,0.5905560098,13.0000000000
400137271,4155,2149,0.5172081829,0.48279,13.0000000000,7,0.5208633228,,,,,,,7,0.5172081829,13.0000000000
400137271,3746,1739,0.4642285104,0.53577,13.0000000000,8,0.4584063964,,,,,,,8,0.4642285104,13.0000000000
400137271,3319,1311,0.3949984935,0.60500,13.0000000000,9,0.3983668931,,,,,,,9,0.3949984935,13.0000000000
400137271,3097,1089,0.3516306103,0.64837,13.0000000000,10,0.3411850725,,,,,,,10,0.3516306103,13.0000000000
400137271,2836,828,0.2919605078,0.70804,13.0000000000,11,0.2873527240,,,,,,,11,0.2919605078,13.0000000000
400137271,2645,636,0.2404536862,0.75955,13.0000000000,12,0.2373972950,,,,,,,12,0.2404536862,13.0000000000
400137271,2478,467,0.1884584342,0.81154,13.0000000000,13,0.1918521205,,,,,,,13,0.1884584342,13.0000000000
400137271,2416,404,0.1672185430,0.83278,13.0000000000,14,0.1512104910,,,,,,,14,0.1672185430,13.0000000000
400137271,2326,312,0.1341358555,0.86586,13.0000000000,15,0.1158650788,,,,,,,15,0.1341358555,13.0000000000
400137271,2159,153,0.0708661417,0.92913,13.0000000000,16,0.0860404922,,,,,,,16,0.0708661417,13.0000000000
400137271,2131,121,0.0567808541,0.94322,13.0000000000,17,0.0617338504,,,,,,,17,0.0567808541,13.0000000000
400137271,2106,92,0.0436847104,0.95632,13.0000000000,18,0.0426825340,,,,,,,18,0.0436847104,13.0000000000
400137271,2093,77,0.0367892977,0.96321,13.0000000000,19,0.0283751750,,,,,,,19,0.0367892977,13.0000000000
400137271,2043,30,0.0146842878,0.98532,13.0000000000,20,0.0181098482,,,,,,,20,0.0146842878,13.0000000000
400137271,30622,28622,0.9346874796,0.06531,14.0000000000,1,0.9333333333,,,,,,,1,0.9346874796,14.0000000000
400137271,15313,13312,0.8693267159,0.13067,14.0000000000,2,0.8672566372,,,,,,,2,0.8693267159,14.0000000000
400137271,10268,8266,0.8050253214,0.19497,14.0000000000,3,0.8018702513,,,,,,,3,0.8050253214,14.0000000000
400137271,7953,5950,0.7481453540,0.25185,14.0000000000,4,0.7372946415,,,,,,,4,0.7481453540,14.0000000000
400137271,6471,4467,0.6903106166,0.30969,14.0000000000,5,0.6736745062,,,,,,,5,0.6903106166,14.0000000000
400137271,5271,3267,0.6198064883,0.38019,14.0000000000,6,0.6111834800,,,,,,,6,0.6198064883,14.0000000000
400137271,4590,2584,0.5629629630,0.43704,14.0000000000,7,0.5500293075,,,,,,,7,0.5629629630,14.0000000000
400137271,3957,1950,0.4927975739,0.50720,14.0000000000,8,0.4904591762,,,,,,,8,0.4927975739,14.0000000000
400137271,3490,1483,0.4249283668,0.57507,14.0000000000,9,0.4327645936,,,,,,,9,0.4249283668,14.0000000000
400137271,3185,1177,0.3695447410,0.63046,14.0000000000,10,0.3772847543,,,,,,,10,0.3695447410,14.0000000000
400137271,2943,933,0.3170234455,0.68298,14.0000000000,11,0.3244067633,,,,,,,11,0.3170234455,14.0000000000
400137271,2728,718,0.2631964809,0.73680,14.0000000000,12,0.2745604228,,,,,,,12,0.2631964809,14.0000000000
400137271,2663,654,0.2455876831,0.75441,14.0000000000,13,0.2282047661,,,,,,,13,0.2455876831,14.0000000000
400137271,2523,512,0.2029330163,0.79707,14.0000000000,14,0.1858035178,,,,,,,14,0.2029330163,14.0000000000
400137271,2297,283,0.1232041794,0.87680,14.0000000000,15,0.1477877628,,,,,,,15,0.1232041794,14.0000000000
400137271,2193,180,0.0820793434,0.91792,14.0000000000,16,0.1145069121,,,,,,,16,0.0820793434,14.0000000000
400137271,2152,141,0.0655204461,0.93448,14.0000000000,17,0.0861736511,,,,,,,17,0.0655204461,14.0000000000
400137271,2142,128,0.0597572362,0.94024,14.0000000000,18,0.0628139141,,,,,,,18,0.0597572362,14.0000000000
400137271,2137,125,0.0584932148,0.94151,14.0000000000,19,0.0442364975,,,,,,,19,0.0584932148,14.0000000000
400137271,2058,47,0.0228377065,0.97716,14.0000000000,20,0.0300354830,,,,,,,20,0.0228377065,14.0000000000
400137271,32708,30708,0.9388528800,0.06115,15.0000000000,1,0.9375000000,,,,,,,1,0.9388528800,15.0000000000
400137271,16203,14202,0.8765043510,0.12350,15.0000000000,2,0.8754863813,,,,,,,2,0.8765043510,15.0000000000
400137271,10904,8902,0.8163976522,0.18360,15.0000000000,3,0.8140376266,,,,,,,3,0.8163976522,15.0000000000
400137271,8273,6270,0.7578871026,0.24211,15.0000000000,4,0.7532473329,,,,,,,4,0.7578871026,15.0000000000
400137271,6664,4660,0.6992797119,0.30072,15.0000000000,5,0.6932272553,,,,,,,5,0.6992797119,15.0000000000
400137271,5524,3519,0.6370383780,0.36296,15.0000000000,6,0.6341108419,,,,,,,6,0.6370383780,15.0000000000
400137271,4857,2851,0.5869878526,0.41301,15.0000000000,7,0.5760572295,,,,,,,7,0.5869878526,15.0000000000
400137271,4196,2189,0.5216873213,0.47831,15.0000000000,8,0.5192555704,,,,,,,8,0.5216873213,15.0000000000
400137271,3827,1820,0.4755683303,0.52443,15.0000000000,9,0.4639294046,,,,,,,9,0.4755683303,15.0000000000
400137271,3437,1428,0.4154786151,0.58452,15.0000000000,10,0.4103405420,,,,,,,10,0.4154786151,15.0000000000
400137271,3022,1012,0.3348775645,0.66512,15.0000000000,11,0.3587915671,,,,,,,11,0.3348775645,15.0000000000
400137271,2880,872,0.3027777778,0.69722,15.0000000000,12,0.3096256284,,,,,,,12,0.3027777778,15.0000000000
400137271,2706,698,0.2579453067,0.74205,15.0000000000,13,0.2632216751,,,,,,,13,0.2579453067,15.0000000000
400137271,2556,544,0.2128325509,0.78717,15.0000000000,14,0.2199829287,,,,,,,14,0.2128325509,15.0000000000
400137271,2445,431,0.1762781186,0.82372,15.0000000000,15,0.1803163991,,,,,,,15,0.1762781186,15.0000000000
400137271,2317,302,0.1303409581,0.86966,15.0000000000,16,0.1446021234,,,,,,,16,0.1303409581,15.0000000000
400137271,2232,218,0.0976702509,0.90233,15.0000000000,17,0.1131529160,,,,,,,17,0.0976702509,15.0000000000
400137271,2214,204,0.0921409214,0.90786,15.0000000000,18,0.0861688800,,,,,,,18,0.0921409214,15.0000000000
400137271,2180,169,0.0775229358,0.92248,15.0000000000,19,0.0636950147,,,,,,,19,0.0775229358,15.0000000000
400137271,2122,108,0.0508953817,0.94910,15.0000000000,20,0.0455932156,,,,,,,20,0.0508953817,15.0000000000
333,4066,2066,0.5081160846,0.49188,1.0000000000,1,0.5000000000,,,,,,,1,0.5081160846,1.0000000000
333,2475,474,0.1915151515,0.80848,1.0000000000,2,0.2000000000,,,,,,,2,0.1915151515,1.0000000000
333,2147,145,0.0675360969,0.93246,1.0000000000,3,0.0625000000,,,,,,,3,0.0675360969,1.0000000000
333,2029,29,0.0142927551,0.98571,1.0000000000,4,0.0153846154,,,,,,,4,0.0142927551,1.0000000000
333,2004,3,0.0014970060,0.99850,1.0000000000,5,0.0030674847,,,,,,,5,0.0014970060,1.0000000000
333,2001,0,0.0000000000,1.00000,1.0000000000,6,0.0005109862,,,,,,,6,0.0000000000,1.0000000000
333,2001,0,0.0000000000,1.00000,1.0000000000,7,0.0000729927,,,,,,,7,0.0000000000,1.0000000000
333,2001,0,0.0000000000,1.00000,1.0000000000,8,0.0000091240,,,,,,,8,0.0000000000,1.0000000000
333,2001,0,0.0000000000,1.00000,1.0000000000,9,0.0000010138,,,,,,,9,0.0000000000,1.0000000000
333,2001,0,0.0000000000,1.00000,1.0000000000,10,0.0000001014,,,,,,,10,0.0000000000,1.0000000000
333,2001,0,0.0000000000,1.00000,1.0000000000,11,0.0000000092,,,,,,,11,0.0000000000,1.0000000000
333,2001,0,0.0000000000,1.00000,1.0000000000,12,0.0000000008,,,,,,,12,0.0000000000,1.0000000000
333,2001,0,0.0000000000,1.00000,1.0000000000,13,0.0000000001,,,,,,,13,0.0000000000,1.0000000000
333,2001,0,0.0000000000,1.00000,1.0000000000,14,0.0000000000,,,,,,,14,0.0000000000,1.0000000000
333,2001,0,0.0000000000,1.00000,1.0000000000,15,0.0000000000,,,,,,,15,0.0000000000,1.0000000000
333,2001,0,0.0000000000,1.00000,1.0000000000,16,0.0000000000,,,,,,,16,0.0000000000,1.0000000000
333,2001,0,0.0000000000,1.00000,1.0000000000,17,0.0000000000,,,,,,,17,0.0000000000,1.0000000000
333,2001,0,0.0000000000,1.00000,1.0000000000,18,0.0000000000,,,,,,,18,0.0000000000,1.0000000000
333,2001,0,0.0000000000,1.00000,1.0000000000,19,0.0000000000,,,,,,,19,0.0000000000,1.0000000000
333,2001,0,0.0000000000,1.00000,1.0000000000,20,0.0000000000,,,,,,,20,0.0000000000,1.0000000000
333,5887,3887,0.6602683880,0.33973,2.0000000000,1,0.6666666667,,,,,,,1,0.6602683880,2.0000000000
333,3374,1373,0.4069353883,0.59306,2.0000000000,2,0.4000000000,,,,,,,2,0.4069353883,2.0000000000
333,2580,580,0.2248062016,0.77519,2.0000000000,3,0.2105263158,,,,,,,3,0.2248062016,2.0000000000
333,2258,255,0.1129317981,0.88707,2.0000000000,4,0.0952380952,,,,,,,4,0.1129317981,2.0000000000
333,2065,63,0.0305084746,0.96949,2.0000000000,5,0.0366972477,,,,,,,5,0.0305084746,2.0000000000
333,2026,24,0.0118460020,0.98815,2.0000000000,6,0.0120845921,,,,,,,6,0.0118460020,2.0000000000
333,2011,8,0.0039781203,0.99602,2.0000000000,7,0.0034408602,,,,,,,7,0.0039781203,2.0000000000
333,2001,0,0.0000000000,1.00000,2.0000000000,8,0.0008594757,,,,,,,8,0.0000000000,2.0000000000
333,2001,0,0.0000000000,1.00000,2.0000000000,9,0.0001909581,,,,,,,9,0.0000000000,2.0000000000
333,2001,0,0.0000000000,1.00000,2.0000000000,10,0.0000381902,,,,,,,10,0.0000000000,2.0000000000
333,2001,0,0.0000000000,1.00000,2.0000000000,11,0.0000069436,,,,,,,11,0.0000000000,2.0000000000
333,2001,0,0.0000000000,1.00000,2.0000000000,12,0.0000011573,,,,,,,12,0.0000000000,2.0000000000
333,2001,0,0.0000000000,1.00000,2.0000000000,13,0.0000001780,,,,,,,13,0.0000000000,2.0000000000
333,2001,0,0.0000000000,1.00000,2.0000000000,14,0.0000000254,,,,,,,14,0.0000000000,2.0000000000
333,2001,0,0.0000000000,1.00000,2.0000000000,15,0.0000000034,,,,,,,15,0.0000000000,2.0000000000
333,2001,0,0.0000000000,1.00000,2.0000000000,16,0.0000000004,,,,,,,16,0.0000000000,2.0000000000
333,2001,0,0.0000000000,1.00000,2.0000000000,17,0.0000000000,,,,,,,17,0.0000000000,2.0000000000
333,2001,0,0.0000000000,1.00000,2.0000000000,18,0.0000000000,,,,,,,18,0.0000000000,2.0000000000
333,2001,0,0.0000000000,1.00000,2.0000000000,19,0.0000000000,,,,,,,19,0.0000000000,2.0000000000
333,2001,0,0.0000000000,1.00000,2.0000000000,20,0.0000000000,,,,,,,20,0.0000000000,2.0000000000
333,8123,6123,0.7537855472,0.24621,3.0000000000,1,0.7500000000,,,,,,,1,0.7537855472,3.0000000000
333,4298,2297,0.5344346208,0.46557,3.0000000000,2,0.5294117647,,,,,,,2,0.5344346208,3.0000000000
333,3089,1087,0.3518938168,0.64811,3.0000000000,3,0.3461538462,,,,,,,3,0.3518938168,3.0000000000
333,2517,517,0.2054032578,0.79460,3.0000000000,4,0.2061068702,,,,,,,4,0.2054032578,3.0000000000
333,2225,222,0.0997752809,0.90022,3.0000000000,5,0.1100543478,,,,,,,5,0.0997752809,3.0000000000
333,2106,104,0.0493827160,0.95062,3.0000000000,6,0.0521571153,,,,,,,6,0.0493827160,3.0000000000
333,2048,47,0.0229492188,0.97705,3.0000000000,7,0.0218643153,,,,,,,7,0.0229492188,3.0000000000
333,2018,14,0.0069375619,0.99306,3.0000000000,8,0.0081324394,,,,,,,8,0.0069375619,3.0000000000
333,2009,4,0.0019910403,0.99801,3.0000000000,9,0.0027034845,,,,,,,9,0.0019910403,3.0000000000
333,2001,0,0.0000000000,1.00000,3.0000000000,10,0.0008103881,,,,,,,10,0.0000000000,3.0000000000
333,2001,0,0.0000000000,1.00000,3.0000000000,11,0.0002209661,,,,,,,11,0.0000000000,3.0000000000
333,2001,0,0.0000000000,1.00000,3.0000000000,12,0.0000552385,,,,,,,12,0.0000000000,3.0000000000
333,2001,0,0.0000000000,1.00000,3.0000000000,13,0.0000127472,,,,,,,13,0.0000000000,3.0000000000
333,2001,0,0.0000000000,1.00000,3.0000000000,14,0.0000027315,,,,,,,14,0.0000000000,3.0000000000
333,2001,0,0.0000000000,1.00000,3.0000000000,15,0.0000005463,,,,,,,15,0.0000000000,3.0000000000
333,2001,0,0.0000000000,1.00000,3.0000000000,16,0.0000001024,,,,,,,16,0.0000000000,3.0000000000
333,2001,0,0.0000000000,1.00000,3.0000000000,17,0.0000000181,,,,,,,17,0.0000000000,3.0000000000
333,2001,0,0.0000000000,1.00000,3.0000000000,18,0.0000000030,,,,,,,18,0.0000000000,3.0000000000
333,2001,0,0.0000000000,1.00000,3.0000000000,19,0.0000000005,,,,,,,19,0.0000000000,3.0000000000
333,2001,0,0.0000000000,1.00000,3.0000000000,20,0.0000000001,,,,,,,20,0.0000000000,3.0000000000
333,9872,7872,0.7974068071,0.20259,4.0000000000,1,0.8000000000,,,,,,,1,0.7974068071,4.0000000000
333,5259,3259,0.6196995627,0.38030,4.0000000000,2,0.6153846154,,,,,,,2,0.6196995627,4.0000000000
333,3598,1597,0.4438576987,0.55614,4.0000000000,3,0.4507042254,,,,,,,3,0.4438576987,4.0000000000
333,2925,923,0.3155555556,0.68444,4.0000000000,4,0.3106796117,,,,,,,4,0.3155555556,4.0000000000
333,2510,507,0.2019920319,0.79801,4.0000000000,5,0.1990668740,,,,,,,5,0.2019920319,4.0000000000
333,2243,242,0.1078912171,0.89211,4.0000000000,6,0.1171624714,,,,,,,6,0.1078912171,4.0000000000
333,2135,131,0.0613583138,0.93864,4.0000000000,7,0.0627489429,,,,,,,7,0.0613583138,4.0000000000
333,2064,59,0.0285852713,0.97141,4.0000000000,8,0.0304200582,,,,,,,8,0.0285852713,4.0000000000
333,2036,31,0.0152259332,0.98477,4.0000000000,9,0.0133396732,,,,,,,9,0.0152259332,4.0000000000
333,2010,7,0.0034825871,0.99652,4.0000000000,10,0.0053075489,,,,,,,10,0.0034825871,4.0000000000
333,2008,2,0.0009960159,0.99900,4.0000000000,11,0.0019263000,,,,,,,11,0.0009960159,4.0000000000
333,2001,0,0.0000000000,1.00000,4.0000000000,12,0.0006416880,,,,,,,12,0.0000000000,4.0000000000
333,2001,0,0.0000000000,1.00000,4.0000000000,13,0.0001974035,,,,,,,13,0.0000000000,4.0000000000
333,2001,0,0.0000000000,1.00000,4.0000000000,14,0.0000563978,,,,,,,14,0.0000000000,4.0000000000
333,2001,0,0.0000000000,1.00000,4.0000000000,15,0.0000150392,,,,,,,15,0.0000000000,4.0000000000
333,2001,0,0.0000000000,1.00000,4.0000000000,16,0.0000037598,,,,,,,16,0.0000000000,4.0000000000
333,2001,0,0.0000000000,1.00000,4.0000000000,17,0.0000008847,,,,,,,17,0.0000000000,4.0000000000
333,2001,0,0.0000000000,1.00000,4.0000000000,18,0.0000001966,,,,,,,18,0.0000000000,4.0000000000
333,2001,0,0.0000000000,1.00000,4.0000000000,19,0.0000000414,,,,,,,19,0.0000000000,4.0000000000
333,2001,0,0.0000000000,1.00000,4.0000000000,20,0.0000000083,,,,,,,20,0.0000000000,4.0000000000
333,12243,10243,0.8366413461,0.16336,5.0000000000,1,0.8333333333,,,,,,,1,0.8366413461,5.0000000000
333,5915,3914,0.6617075232,0.33829,5.0000000000,2,0.6756756757,,,,,,,2,0.6617075232,5.0000000000
333,4294,2293,0.5340009315,0.46600,5.0000000000,3,0.5296610169,,,,,,,3,0.5340009315,5.0000000000
333,3278,1276,0.3892617450,0.61074,5.0000000000,4,0.3983428936,,,,,,,4,0.3892617450,5.0000000000
333,2773,769,0.2773169852,0.72268,5.0000000000,5,0.2848678213,,,,,,,5,0.2773169852,5.0000000000
333,2456,454,0.1848534202,0.81515,5.0000000000,6,0.1918472589,,,,,,,6,0.1848534202,5.0000000000
333,2306,301,0.1305290546,0.86947,5.0000000000,7,0.1205186351,,,,,,,7,0.1305290546,5.0000000000
333,2179,175,0.0803120698,0.91969,5.0000000000,8,0.0700478522,,,,,,,8,0.0803120698,5.0000000000
333,2084,82,0.0393474088,0.96065,5.0000000000,9,0.0374577860,,,,,,,9,0.0393474088,5.0000000000
333,2030,27,0.0133004926,0.98670,5.0000000000,10,0.0183845703,,,,,,,10,0.0133004926,5.0000000000
333,2011,6,0.0029835903,0.99702,5.0000000000,11,0.0082873685,,,,,,,11,0.0029835903,5.0000000000
333,2009,2,0.0009955202,0.99900,5.0000000000,12,0.0034411875,,,,,,,12,0.0009955202,5.0000000000
333,2007,0,0.0000000000,1.00000,5.0000000000,13,0.0013217842,,,,,,,13,0.0000000000,5.0000000000
333,2007,0,0.0000000000,1.00000,5.0000000000,14,0.0004718431,,,,,,,14,0.0000000000,5.0000000000
333,2007,0,0.0000000000,1.00000,5.0000000000,15,0.0001572563,,,,,,,15,0.0000000000,5.0000000000
333,2007,0,0.0000000000,1.00000,5.0000000000,16,0.0000491402,,,,,,,16,0.0000000000,5.0000000000
333,2007,0,0.0000000000,1.00000,5.0000000000,17,0.0000144528,,,,,,,17,0.0000000000,5.0000000000
333,2007,0,0.0000000000,1.00000,5.0000000000,18,0.0000040146,,,,,,,18,0.0000000000,5.0000000000
333,2007,0,0.0000000000,1.00000,5.0000000000,19,0.0000010565,,,,,,,19,0.0000000000,5.0000000000
333,2007,0,0.0000000000,1.00000,5.0000000000,20,0.0000002641,,,,,,,20,0.0000000000,5.0000000000
333,13868,11868,0.8557830978,0.14422,6.0000000000,1,0.8571428571,,,,,,,1,0.8557830978,6.0000000000
333,7035,5034,0.7155650320,0.28443,6.0000000000,2,0.7200000000,,,,,,,2,0.7155650320,6.0000000000
333,4852,2850,0.5873866447,0.41261,6.0000000000,3,0.5901639344,,,,,,,3,0.5873866447,6.0000000000
333,3808,1806,0.4742647059,0.52574,6.0000000000,4,0.4695652174,,,,,,,4,0.4742647059,6.0000000000
333,3084,1081,0.3505188067,0.64948,6.0000000000,5,0.3604004449,,,,,,,5,0.3505188067,6.0000000000
333,2796,791,0.2829041488,0.71710,6.0000000000,6,0.2649223222,,,,,,,6,0.2829041488,6.0000000000
333,2505,499,0.1992015968,0.80080,6.0000000000,7,0.1850547358,,,,,,,7,0.1992015968,6.0000000000
333,2332,325,0.1393653516,0.86063,6.0000000000,8,0.1218757837,,,,,,,8,0.1393653516,6.0000000000
333,2190,183,0.0835616438,0.91644,6.0000000000,9,0.0751449555,,,,,,,9,0.0835616438,6.0000000000
333,2092,90,0.0430210325,0.95698,6.0000000000,10,0.0431418384,,,,,,,10,0.0430210325,6.0000000000
333,2053,46,0.0224062348,0.97759,6.0000000000,11,0.0229908922,,,,,,,11,0.0224062348,6.0000000000
333,2022,14,0.0069238378,0.99308,6.0000000000,12,0.0113648026,,,,,,,12,0.0069238378,6.0000000000
333,2010,4,0.0019900498,0.99801,6.0000000000,13,0.0052179240,,,,,,,13,0.0019900498,6.0000000000
333,2008,0,0.0000000000,1.00000,6.0000000000,14,0.0022312635,,,,,,,14,0.0000000000,6.0000000000
333,2008,0,0.0000000000,1.00000,6.0000000000,15,0.0008917095,,,,,,,15,0.0000000000,6.0000000000
333,2008,0,0.0000000000,1.00000,6.0000000000,16,0.0003342793,,,,,,,16,0.0000000000,6.0000000000
333,2008,0,0.0000000000,1.00000,6.0000000000,17,0.0001179670,,,,,,,17,0.0000000000,6.0000000000
333,2008,0,0.0000000000,1.00000,6.0000000000,18,0.0000393208,,,,,,,18,0.0000000000,6.0000000000
333,2008,0,0.0000000000,1.00000,6.0000000000,19,0.0000124169,,,,,,,19,0.0000000000,6.0000000000
333,2008,0,0.0000000000,1.00000,6.0000000000,20,0.0000037251,,,,,,,20,0.0000000000,6.0000000000
333,16142,14142,0.8760996159,0.12390,7.0000000000,1,0.8750000000,,,,,,,1,0.8760996159,7.0000000000
333,8063,6062,0.7518293439,0.24817,7.0000000000,2,0.7538461538,,,,,,,2,0.7518293439,7.0000000000
333,5446,3446,0.6327579875,0.36724,7.0000000000,3,0.6375464684,,,,,,,3,0.6327579875,7.0000000000
333,4409,2407,0.5459287820,0.45407,7.0000000000,4,0.5273446080,,,,,,,4,0.5459287820,7.0000000000
333,3517,1513,0.4301961899,0.56980,7.0000000000,5,0.4247194986,,,,,,,5,0.4301961899,7.0000000000
333,3003,998,0.3323343323,0.66767,7.0000000000,6,0.3313300346,,,,,,,6,0.3323343323,7.0000000000
333,2649,644,0.2431106078,0.75689,7.0000000000,7,0.2488714488,,,,,,,7,0.2431106078,7.0000000000
333,2515,513,0.2039761431,0.79602,7.0000000000,8,0.1788218265,,,,,,,8,0.2039761431,7.0000000000
333,2326,318,0.1367153912,0.86328,7.0000000000,9,0.1221013433,,,,,,,9,0.1367153912,7.0000000000
333,2202,195,0.0885558583,0.91144,7.0000000000,10,0.0787408830,,,,,,,10,0.0885558583,7.0000000000
333,2132,122,0.0572232645,0.94278,7.0000000000,11,0.0477168468,,,,,,,11,0.0572232645,7.0000000000
333,2092,90,0.0430210325,0.95698,7.0000000000,12,0.0270810314,,,,,,,12,0.0430210325,7.0000000000
333,2028,20,0.0098619329,0.99014,7.0000000000,13,0.0143725125,,,,,,,13,0.0098619329,7.0000000000
333,2013,7,0.0034773969,0.99652,7.0000000000,14,0.0071349825,,,,,,,14,0.0034773969,7.0000000000
333,2012,4,0.0019880716,0.99801,7.0000000000,15,0.0033186086,,,,,,,15,0.0019880716,7.0000000000
333,2008,0,0.0000000000,1.00000,7.0000000000,16,0.0014497863,,,,,,,16,0.0000000000,7.0000000000
333,2008,0,0.0000000000,1.00000,7.0000000000,17,0.0005966147,,,,,,,17,0.0000000000,7.0000000000
333,2008,0,0.0000000000,1.00000,7.0000000000,18,0.0002319630,,,,,,,18,0.0000000000,7.0000000000
333,2008,0,0.0000000000,1.00000,7.0000000000,19,0.0000854528,,,,,,,19,0.0000000000,7.0000000000
333,2008,0,0.0000000000,1.00000,7.0000000000,20,0.0000299076,,,,,,,20,0.0000000000,7.0000000000
333,18326,16326,0.8908654371,0.10913,8.0000000000,1,0.8888888889,,,,,,,1,0.8908654371,8.0000000000
333,9367,7366,0.7863777090,0.21362,8.0000000000,2,0.7804878049,,,,,,,2,0.7863777090,8.0000000000
333,6132,4130,0.6735159817,0.32648,8.0000000000,3,0.6754617414,,,,,,,3,0.6735159817,8.0000000000
333,4736,2733,0.5770692568,0.42293,8.0000000000,4,0.5746352413,,,,,,,4,0.5770692568,8.0000000000
333,3722,1718,0.4615797958,0.53842,8.0000000000,5,0.4790083031,,,,,,,5,0.4615797958,8.0000000000
333,3335,1331,0.3991004498,0.60090,8.0000000000,6,0.3897518852,,,,,,,6,0.3991004498,8.0000000000
333,3034,1029,0.3391562294,0.66084,8.0000000000,7,0.3081647000,,,,,,,7,0.3391562294,8.0000000000
333,2662,657,0.2468069121,0.75319,8.0000000000,8,0.2355702611,,,,,,,8,0.2468069121,8.0000000000
333,2453,448,0.1826335100,0.81737,8.0000000000,9,0.1731408277,,,,,,,9,0.1826335100,8.0000000000
333,2298,295,0.1283724978,0.87163,8.0000000000,10,0.1216610643,,,,,,,10,0.1283724978,8.0000000000
333,2194,186,0.0847766636,0.91522,8.0000000000,11,0.0812883205,,,,,,,11,0.0847766636,8.0000000000
333,2110,106,0.0502369668,0.94976,8.0000000000,12,0.0514063877,,,,,,,12,0.0502369668,8.0000000000
333,2071,62,0.0299372284,0.97006,8.0000000000,13,0.0306646336,,,,,,,13,0.0299372284,8.0000000000
333,2041,30,0.0146986771,0.98530,8.0000000000,14,0.0172208922,,,,,,,14,0.0146986771,8.0000000000
333,2019,8,0.0039623576,0.99604,8.0000000000,15,0.0091008889,,,,,,,15,0.0039623576,8.0000000000
333,2014,6,0.0029791460,0.99702,8.0000000000,16,0.0045298317,,,,,,,16,0.0029791460,8.0000000000
333,2012,2,0.0009940358,0.99901,8.0000000000,17,0.0021271511,,,,,,,17,0.0009940358,8.0000000000
333,2010,0,0.0000000000,1.00000,8.0000000000,18,0.0009445075,,,,,,,18,0.0000000000,8.0000000000
333,2010,0,0.0000000000,1.00000,8.0000000000,19,0.0003975293,,,,,,,19,0.0000000000,8.0000000000
333,2010,0,0.0000000000,1.00000,8.0000000000,20,0.0001589864,,,,,,,20,0.0000000000,8.0000000000
333,20384,18384,0.9018838305,0.09812,9.0000000000,1,0.9000000000,,,,,,,1,0.9018838305,9.0000000000
333,10231,8230,0.8044179455,0.19558,9.0000000000,2,0.8019801980,,,,,,,2,0.8044179455,9.0000000000
333,6949,4947,0.7119009929,0.28810,9.0000000000,3,0.7063953488,,,,,,,3,0.7119009929,9.0000000000
333,5196,3195,0.6148960739,0.38510,9.0000000000,4,0.6138085883,,,,,,,4,0.6148960739,9.0000000000
333,4248,2246,0.5287193974,0.47128,9.0000000000,5,0.5249079951,,,,,,,5,0.5287193974,9.0000000000
333,3690,1686,0.4569105691,0.54309,9.0000000000,6,0.4405162445,,,,,,,6,0.4569105691,9.0000000000
333,3253,1247,0.3833384568,0.61666,9.0000000000,7,0.3615845079,,,,,,,7,0.3833384568,9.0000000000
333,2856,849,0.2972689076,0.70273,9.0000000000,8,0.2891580971,,,,,,,8,0.2972689076,9.0000000000
333,2590,582,0.2247104247,0.77529,9.0000000000,9,0.2242999503,,,,,,,9,0.2247104247,9.0000000000
333,2403,398,0.1656263005,0.83437,9.0000000000,10,0.1679632263,,,,,,,10,0.1656263005,9.0000000000
333,2329,319,0.1369686561,0.86303,9.0000000000,11,0.1208207340,,,,,,,11,0.1369686561,9.0000000000
333,2188,181,0.0827239488,0.91728,9.0000000000,12,0.0830866115,,,,,,,12,0.0827239488,9.0000000000
333,2148,137,0.0637802607,0.93622,9.0000000000,13,0.0543927478,,,,,,,13,0.0637802607,9.0000000000
333,2079,74,0.0355940356,0.96441,9.0000000000,14,0.0337854002,,,,,,,14,0.0355940356,9.0000000000
333,2041,28,0.0137187653,0.98628,9.0000000000,15,0.0198684814,,,,,,,15,0.0137187653,9.0000000000
333,2029,20,0.0098570724,0.99014,9.0000000000,16,0.0110524978,,,,,,,16,0.0098570724,9.0000000000
333,2014,2,0.0009930487,0.99901,9.0000000000,17,0.0058172836,,,,,,,17,0.0009930487,9.0000000000
333,2012,0,0.0000000000,1.00000,9.0000000000,18,0.0029002061,,,,,,,18,0.0000000000,9.0000000000
333,2012,0,0.0000000000,1.00000,9.0000000000,19,0.0013718972,,,,,,,19,0.0000000000,9.0000000000
333,2012,0,0.0000000000,1.00000,9.0000000000,20,0.0006169728,,,,,,,20,0.0000000000,9.0000000000
333,21548,19548,0.9071839614,0.09282,10.0000000000,1,0.9090909091,,,,,,,1,0.9071839614,10.0000000000
333,11238,9237,0.8219434063,0.17806,10.0000000000,2,0.8196721311,,,,,,,2,0.8219434063,10.0000000000
333,7442,5440,0.7309862940,0.26901,10.0000000000,3,0.7320644217,,,,,,,3,0.7309862940,10.0000000000
333,5670,3667,0.6467372134,0.35326,10.0000000000,4,0.6466632178,,,,,,,4,0.6467372134,10.0000000000
333,4549,2545,0.5594636184,0.44054,10.0000000000,5,0.5639521769,,,,,,,5,0.5594636184,10.0000000000
333,3930,1925,0.4898218830,0.51018,10.0000000000,6,0.4845149037,,,,,,,6,0.4898218830,10.0000000000
333,3518,1515,0.4306424105,0.56936,10.0000000000,7,0.4090407830,,,,,,,7,0.4306424105,10.0000000000
333,3102,1097,0.3536428111,0.64636,10.0000000000,8,0.3383184329,,,,,,,8,0.3536428111,10.0000000000
333,2743,735,0.2679547940,0.73205,10.0000000000,9,0.2732079439,,,,,,,9,0.2679547940,10.0000000000
333,2573,564,0.2191993782,0.78080,10.0000000000,10,0.2145823431,,,,,,,10,0.2191993782,10.0000000000
333,2450,442,0.1804081633,0.81959,10.0000000000,11,0.1632323332,,,,,,,11,0.1804081633,10.0000000000
333,2333,323,0.1384483498,0.86155,10.0000000000,12,0.1197391884,,,,,,,12,0.1384483498,10.0000000000
333,2191,185,0.0844363304,0.91556,10.0000000000,13,0.0843388627,,,,,,,13,0.0844363304,10.0000000000
333,2134,124,0.0581068416,0.94189,10.0000000000,14,0.0568191434,,,,,,,14,0.0581068416,10.0000000000
333,2093,80,0.0382226469,0.96178,10.0000000000,15,0.0364969455,,,,,,,15,0.0382226469,10.0000000000
333,2045,37,0.0180929095,0.98191,10.0000000000,16,0.0223018720,,,,,,,16,0.0180929095,10.0000000000
333,2027,16,0.0078934386,0.99211,10.0000000000,17,0.0129488752,,,,,,,17,0.0078934386,10.0000000000
333,2019,4,0.0019811788,0.99802,10.0000000000,18,0.0071424382,,,,,,,18,0.0019811788,10.0000000000
333,2017,2,0.0009915716,0.99901,10.0000000000,19,0.0037450995,,,,,,,19,0.0009915716,10.0000000000
333,2015,0,0.0000000000,1.00000,10.0000000000,20,0.0018690499,,,,,,,20,0.0000000000,10.0000000000
333,23473,21473,0.9147957227,0.08520,11.0000000000,1,0.9166666667,,,,,,,1,0.9147957227,11.0000000000
333,12057,10056,0.8340383180,0.16596,11.0000000000,2,0.8344827586,,,,,,,2,0.8340383180,11.0000000000
333,8072,6070,0.7519821606,0.24802,11.0000000000,3,0.7536806342,,,,,,,3,0.7519821606,11.0000000000
333,6190,4187,0.6764135703,0.32359,11.0000000000,4,0.6745450357,,,,,,,4,0.6764135703,11.0000000000
333,4900,2897,0.5912244898,0.40878,11.0000000000,5,0.5974233611,,,,,,,5,0.5912244898,11.0000000000
333,4253,2249,0.5288031977,0.47120,11.0000000000,6,0.5227359438,,,,,,,6,0.5288031977,11.0000000000
333,3642,1637,0.4494783086,0.55052,11.0000000000,7,0.4509844993,,,,,,,7,0.4494783086,11.0000000000
333,3219,1213,0.3768251010,0.62317,11.0000000000,8,0.3827555555,,,,,,,8,0.3768251010,11.0000000000
333,2972,967,0.3253701211,0.67463,11.0000000000,9,0.3187140012,,,,,,,9,0.3253701211,11.0000000000
